y_field,match,match_norm,game_date,question_number,question,question_type,target_team,target_player,line,crowd_percent,submitted_percent,result,actual_rbp,source_batch,has_market_context,favorite_team,underdog_team,favorite_win_prob,underdog_win_prob,favorite_gap,target_team_win_prob,target_is_favorite,target_is_underdog,target_is_neutral_or_unknown,target_role_bucket,match_total_over_2_5_prob,btts_prob,halftime_draw_prob,target_team_implied_strength,is_player_prop,is_team_prop,is_match_prop,is_compound_question,is_second_half_question,is_halftime_question,is_threshold_question,threshold_line,is_fouls_question,is_cards_question,is_sot_question,is_corners_question,is_offsides_question,is_goal_question,is_penalty_question,is_favorite_dominance_question,is_underdog_activity_question,target_player_present
0.57,Mexico vs South Africa,Mexico vs South Africa,2026-06-11,Q1,Will South Africa commit more fouls than Mexico?,team_more_fouls,nan,nan,,57,,No,,raw_paste_collected_in_chat,0,,,,,,,0,0,1,unknown,,,,,0,1,0,0,0,0,0,,1,0,0,0,0,0,0,0,0,1
0.65,Mexico vs South Africa,Mexico vs South Africa,2026-06-11,Q2,"In the second half, will Mexico have more corner kicks than South Africa?",team_more_corners_2h,nan,nan,,65,,Yes,,raw_paste_collected_in_chat,0,,,,,,,0,0,1,unknown,,,,,0,1,0,0,1,0,0,,0,0,0,1,0,0,0,0,0,1
0.69,Mexico vs South Africa,Mexico vs South Africa,2026-06-11,Q3,Will Mexico have more shots on target than South Africa in the second half?,team_more_sot_2h,nan,nan,,69,,Yes,,raw_paste_collected_in_chat,0,,,,,,,0,0,1,unknown,,,,,0,1,0,0,1,0,0,,0,0,1,0,0,0,0,0,0,1
0.42,Mexico vs South Africa,Mexico vs South Africa,2026-06-11,Q4,Will a penalty kick be awarded OR a red card be shown in the match?,penalty_or_red_card,nan,nan,,42,,Yes,,raw_paste_collected_in_chat,0,,,,,,,0,0,1,unknown,,,,,0,0,1,0,0,0,0,,0,1,0,0,0,0,1,0,0,1
0.51,Mexico vs South Africa,Mexico vs South Africa,2026-06-11,Q5,Will South Africa be caught offside 2 or more times?,team_offsides_over,nan,nan,,51,,No,,raw_paste_collected_in_chat,0,,,,,,,0,0,1,unknown,,,,,0,1,0,0,0,0,1,,0,0,0,0,1,0,0,0,0,1
0.54,Mexico vs South Africa,Mexico vs South Africa,2026-06-11,Q6,Will South Africa receive more cards than Mexico?,team_more_cards,nan,nan,,54,,Yes,,raw_paste_collected_in_chat,0,,,,,,,0,0,1,unknown,,,,,0,1,0,0,0,0,0,,0,1,0,0,0,0,0,0,0,1
0.73,Mexico vs South Africa,Mexico vs South Africa,2026-06-11,Q7,Will Mexico win the match?,team_win,nan,nan,,73,,Yes,,raw_paste_collected_in_chat,0,,,,,,,0,0,1,unknown,,,,,0,1,0,0,0,0,0,,0,0,0,0,0,0,0,1,0,1
0.52,Mexico vs South Africa,Mexico vs South Africa,2026-06-11,Q8,Will the match have 2 or fewer total goals?,match_total_under,nan,nan,,52,,Yes,,raw_paste_collected_in_chat,0,,,,,,,0,0,1,unknown,,,,,0,0,1,0,0,0,1,,0,0,0,0,0,1,0,0,0,1
0.38,Mexico vs South Africa,Mexico vs South Africa,2026-06-11,Q9,Will South Africa score in the second half?,team_score_2h,nan,nan,,38,,No,,raw_paste_collected_in_chat,0,,,,,,,0,0,1,unknown,,,,,0,1,0,0,1,0,0,,0,0,0,0,0,1,0,0,1,1
0.3,Mexico vs South Africa,Mexico vs South Africa,2026-06-11,Q10,Will Oswin Appollis score or assist a goal (excluding own goals)?,player_goal_or_assist,nan,nan,,30,,No,,raw_paste_collected_in_chat,0,,,,,,,0,0,1,unknown,,,,,1,0,0,0,0,0,0,,0,0,0,0,0,1,0,0,1,1
0.45,South Korea vs Czechia,South Korea vs Czechia,2026-06-11,Q1,"At halftime, will Czechia have more corner kicks than South Korea?",team_more_corners_h1,nan,nan,,45,,No,,raw_paste_collected_in_chat,0,,,,,,,0,0,1,unknown,,,,,0,1,0,0,0,1,0,,0,0,0,1,0,0,0,0,0,1
0.52,South Korea vs Czechia,South Korea vs Czechia,2026-06-11,Q2,Will South Korea be caught offside 2 or more times?,team_offsides_over,nan,nan,,52,,Yes,,raw_paste_collected_in_chat,0,,,,,,,0,0,1,unknown,,,,,0,1,0,0,0,0,1,,0,0,0,0,1,0,0,0,0,1
0.58,South Korea vs Czechia,South Korea vs Czechia,2026-06-11,Q3,Will there be 2 or more total cards shown in the second half?,total_cards_over,nan,nan,,58,,No,,raw_paste_collected_in_chat,0,,,,,,,0,0,1,unknown,,,,,0,0,1,0,1,0,1,,0,1,0,0,0,0,0,0,0,1
0.38,South Korea vs Czechia,South Korea vs Czechia,2026-06-11,Q4,Will both teams score AND the match have 3 or more total goals?,compound_btts_over_2_5,nan,nan,,38,,Yes,,raw_paste_collected_in_chat,0,,,,,,,0,0,1,unknown,,,,,0,0,1,1,0,0,1,,0,0,0,0,0,1,0,0,0,1
0.33,South Korea vs Czechia,South Korea vs Czechia,2026-06-11,Q5,Will a penalty kick be awarded in the match?,penalty_awarded,nan,nan,,33,,No,,raw_paste_collected_in_chat,0,,,,,,,0,0,1,unknown,,,,,0,0,1,0,0,0,0,,0,0,0,0,0,0,1,0,0,1
0.55,South Korea vs Czechia,South Korea vs Czechia,2026-06-11,Q6,Will South Korea have more shots on target than Czechia in the second half?,team_more_sot_2h,nan,nan,,55,,Yes,,raw_paste_collected_in_chat,0,,,,,,,0,0,1,unknown,,,,,0,1,0,0,1,0,0,,0,0,1,0,0,0,0,0,0,1
0.5,South Korea vs Czechia,South Korea vs Czechia,2026-06-11,Q7,Will South Korea win the match?,team_win,nan,nan,,50,,Yes,,raw_paste_collected_in_chat,0,,,,,,,0,0,1,unknown,,,,,0,1,0,0,0,0,0,,0,0,0,0,0,0,0,1,0,1
0.55,South Korea vs Czechia,South Korea vs Czechia,2026-06-11,Q8,Will South Korea score in the second half?,team_score_2h,nan,nan,,55,,Yes,,raw_paste_collected_in_chat,0,,,,,,,0,0,1,unknown,,,,,0,1,0,0,1,0,0,,0,0,0,0,0,1,0,0,1,1
0.4,South Korea vs Czechia,South Korea vs Czechia,2026-06-11,Q9,Will Son Heung-min score a goal (excluding own goals)?,player_goal,nan,nan,,40,,No,,raw_paste_collected_in_chat,0,,,,,,,0,0,1,unknown,,,,,1,0,0,0,0,0,0,,0,0,0,0,0,1,0,0,1,1
0.67,South Korea vs Czechia,South Korea vs Czechia,2026-06-11,Q10,Will Patrik Schick have at least 1 shot on target?,player_sot_over,nan,nan,,67,,No,,raw_paste_collected_in_chat,0,,,,,,,0,0,1,unknown,,,,,1,0,0,0,0,0,1,,0,0,1,0,0,0,0,0,1,1
0.64,Canada vs Bosnia and Herzegovina,Canada vs Bosnia and Herzegovina,2026-06-12,Q1,Will Bosnia and Herzegovina commit more fouls than Canada?,team_more_fouls,nan,nan,,64,,Yes,,raw_paste_collected_in_chat,0,,,,,,,0,0,1,unknown,,,,,0,1,0,0,0,0,0,,1,0,0,0,0,0,0,0,0,1
0.59,Canada vs Bosnia and Herzegovina,Canada vs Bosnia and Herzegovina,2026-06-12,Q2,Will there be 4 or more total shots on target in the second half?,second_half_total_sot_over,nan,nan,,59,,Yes,,raw_paste_collected_in_chat,0,,,,,,,0,0,1,unknown,,,,,0,0,1,0,1,0,1,,0,0,1,0,0,0,0,0,0,1
0.41,Canada vs Bosnia and Herzegovina,Canada vs Bosnia and Herzegovina,2026-06-12,Q3,Will a penalty kick be awarded OR a red card be shown?,penalty_or_red_card,nan,nan,,41,,No,,raw_paste_collected_in_chat,0,,,,,,,0,0,1,unknown,,,,,0,0,1,0,0,0,0,,0,1,0,0,0,0,1,0,0,1
0.61,Canada vs Bosnia and Herzegovina,Canada vs Bosnia and Herzegovina,2026-06-12,Q4,Will Canada win the match?,team_win,nan,nan,,61,,No,,raw_paste_collected_in_chat,0,,,,,,,0,0,1,unknown,,,,,0,1,0,0,0,0,0,,0,0,0,0,0,0,0,1,0,1
0.47,Canada vs Bosnia and Herzegovina,Canada vs Bosnia and Herzegovina,2026-06-12,Q5,"At halftime, will the match be tied?",halftime_draw,nan,nan,,47,,No,,raw_paste_collected_in_chat,0,,,,,,,0,0,1,unknown,,,,,0,0,1,0,0,1,0,,0,0,0,0,0,0,0,0,0,1
0.38,Canada vs Bosnia and Herzegovina,Canada vs Bosnia and Herzegovina,2026-06-12,Q6,Will the second half have 2 or more total goals?,second_half_goals_over,nan,nan,,38,,No,,raw_paste_collected_in_chat,0,,,,,,,0,0,1,unknown,,,,,0,0,1,0,1,0,1,,0,0,0,0,0,1,0,0,0,1
0.36,Canada vs Bosnia and Herzegovina,Canada vs Bosnia and Herzegovina,2026-06-12,Q7,Will Bosnia and Herzegovina have 5 or more corner kicks?,team_corners_over,nan,nan,,36,,No,,raw_paste_collected_in_chat,0,,,,,,,0,0,1,unknown,,,,,0,1,0,0,0,0,1,,0,0,0,1,0,0,0,0,0,1
0.38,Canada vs Bosnia and Herzegovina,Canada vs Bosnia and Herzegovina,2026-06-12,Q8,Will Jonathan David score a goal (excluding own goals)?,player_goal,nan,nan,,38,,No,,raw_paste_collected_in_chat,0,,,,,,,0,0,1,unknown,,,,,1,0,0,0,0,0,0,,0,0,0,0,0,1,0,0,1,1
0.58,Canada vs Bosnia and Herzegovina,Canada vs Bosnia and Herzegovina,2026-06-12,Q9,Will Edin Džeko have at least 1 shot on target?,player_sot_over,nan,nan,,58,,No,,raw_paste_collected_in_chat,0,,,,,,,0,0,1,unknown,,,,,1,0,0,0,0,0,1,,0,0,1,0,0,0,0,0,1,1
0.44,Canada vs Bosnia and Herzegovina,Canada vs Bosnia and Herzegovina,2026-06-12,Q10,Will Bosnia and Herzegovina score in the second half?,team_score_2h,nan,nan,,44,,No,,raw_paste_collected_in_chat,0,,,,,,,0,0,1,unknown,,,,,0,1,0,0,1,0,0,,0,0,0,0,0,1,0,0,1,1
0.56,United States vs Paraguay,United States vs Paraguay,2026-06-12,Q1,Will United States be caught offside 2 or more times?,team_offsides_over,nan,nan,,56,,Yes,,raw_paste_collected_in_chat,0,,,,,,,0,0,1,unknown,,,,,0,1,0,0,0,0,1,,0,0,0,0,1,0,0,0,0,1
0.31,United States vs Paraguay,United States vs Paraguay,2026-06-12,Q2,Will United States score the first goal of the game and Paraguay score in the second half?,compound_first_goal_score_2h,nan,nan,,31,,Yes,,raw_paste_collected_in_chat,0,,,,,,,0,0,1,unknown,,,,,0,0,1,1,1,0,0,,0,0,0,0,0,1,0,0,0,1
0.35,United States vs Paraguay,United States vs Paraguay,2026-06-12,Q3,Will Paraguay finish with more corner kicks than United States?,team_more_corners_full,nan,nan,,35,,No,,raw_paste_collected_in_chat,0,,,,,,,0,0,1,unknown,,,,,0,1,0,0,0,0,0,,0,0,0,1,0,0,0,0,0,1
0.6,United States vs Paraguay,United States vs Paraguay,2026-06-12,Q4,Will United States win the match?,team_win,nan,nan,,60,,Yes,,raw_paste_collected_in_chat,0,,,,,,,0,0,1,unknown,,,,,0,1,0,0,0,0,0,,0,0,0,0,0,0,0,1,0,1
0.45,United States vs Paraguay,United States vs Paraguay,2026-06-12,Q5,"At halftime, will the match be tied?",halftime_draw,nan,nan,,45,,No,,raw_paste_collected_in_chat,0,,,,,,,0,0,1,unknown,,,,,0,0,1,0,0,1,0,,0,0,0,0,0,0,0,0,0,1
0.42,United States vs Paraguay,United States vs Paraguay,2026-06-12,Q6,Will the match have 3 or more total goals?,match_total_over,nan,nan,,42,,Yes,,raw_paste_collected_in_chat,0,,,,,,,0,0,1,unknown,,,,,0,0,1,0,0,0,1,,0,0,0,0,0,1,0,0,0,1
0.44,United States vs Paraguay,United States vs Paraguay,2026-06-12,Q7,Will Paraguay score in the second half?,team_score_2h,nan,nan,,44,,Yes,,raw_paste_collected_in_chat,0,,,,,,,0,0,1,unknown,,,,,0,1,0,0,1,0,0,,0,0,0,0,0,1,0,0,1,1
0.49,United States vs Paraguay,United States vs Paraguay,2026-06-12,Q8,Will there be 4 or more total cards shown?,total_cards_over,nan,nan,,49,,Yes,,raw_paste_collected_in_chat,0,,,,,,,0,0,1,unknown,,,,,0,0,1,0,0,0,1,,0,1,0,0,0,0,0,0,0,1
0.63,United States vs Paraguay,United States vs Paraguay,2026-06-12,Q9,Will Folarin Balogun have at least 1 shot on target?,player_sot_over,nan,nan,,63,,Yes,,raw_paste_collected_in_chat,0,,,,,,,0,0,1,unknown,,,,,1,0,0,0,0,0,1,,0,0,1,0,0,0,0,0,1,1
0.37,United States vs Paraguay,United States vs Paraguay,2026-06-12,Q10,Will Julio Enciso have at least 1 shot on target in the second half?,player_sot_2h_over,nan,nan,,37,,No,,raw_paste_collected_in_chat,0,,,,,,,0,0,1,unknown,,,,,1,0,0,0,1,0,1,,0,0,1,0,0,0,0,0,1,1
0.59,Qatar vs Switzerland,Qatar vs Switzerland,2026-06-13,Q1,"At halftime, will both teams have at least 1 shot on target?",both_teams_sot_h1_1plus,nan,nan,,59,,Yes,,raw_paste_collected_in_chat,0,,,,,,,0,0,1,unknown,,,,,0,0,1,0,0,1,1,,0,0,1,0,0,0,0,0,0,1
0.53,Qatar vs Switzerland,Qatar vs Switzerland,2026-06-13,Q2,Will Switzerland be caught offside 2 or more times?,team_offsides_over,nan,nan,,53,,No,,raw_paste_collected_in_chat,0,,,,,,,0,0,1,unknown,,,,,0,1,0,0,0,0,1,,0,0,0,0,1,0,0,0,0,1
0.57,Qatar vs Switzerland,Qatar vs Switzerland,2026-06-13,Q3,Will Switzerland receive at least 1 card in the second half?,team_card_2h,nan,nan,,57,,No,,raw_paste_collected_in_chat,0,,,,,,,0,0,1,unknown,,,,,0,1,0,0,1,0,1,,0,1,0,0,0,0,0,0,0,1
0.3,Qatar vs Switzerland,Qatar vs Switzerland,2026-06-13,Q4,Will both teams score AND the match have 3 or more total goals?,compound_btts_over_2_5,nan,nan,,30,,No,,raw_paste_collected_in_chat,0,,,,,,,0,0,1,unknown,,,,,0,0,1,1,0,0,1,,0,0,0,0,0,1,0,0,0,1
0.39,Qatar vs Switzerland,Qatar vs Switzerland,2026-06-13,Q5,Will Qatar have 2 or more shots on target in the second half?,team_sot_2h_over,nan,nan,,39,,Yes,,raw_paste_collected_in_chat,0,,,,,,,0,0,1,unknown,,,,,0,1,0,0,1,0,1,,0,0,1,0,0,0,0,0,1,1
0.64,Qatar vs Switzerland,Qatar vs Switzerland,2026-06-13,Q6,Will Qatar commit more fouls than Switzerland?,team_more_fouls,nan,nan,,64,,Yes,,raw_paste_collected_in_chat,0,,,,,,,0,0,1,unknown,,,,,0,1,0,0,0,0,0,,1,0,0,0,0,0,0,0,0,1
0.4,Qatar vs Switzerland,Qatar vs Switzerland,2026-06-13,Q7,Will Qatar score at least 1 goal?,team_score_any,nan,nan,,40,,Yes,,raw_paste_collected_in_chat,0,,,,,,,0,0,1,unknown,,,,,0,1,0,0,0,0,1,,0,0,0,0,0,1,0,0,1,1
0.57,Qatar vs Switzerland,Qatar vs Switzerland,2026-06-13,Q8,Will Qatar have 2 or more shots on target?,team_sot_over,nan,nan,,57,,Yes,,raw_paste_collected_in_chat,0,,,,,,,0,0,1,unknown,,,,,0,1,0,0,0,0,1,,0,0,1,0,0,0,0,0,1,1
0.46,Qatar vs Switzerland,Qatar vs Switzerland,2026-06-13,Q9,Will Akram Afif have at least 1 shot on target?,player_sot_over,nan,nan,,46,,No,,raw_paste_collected_in_chat,0,,,,,,,0,0,1,unknown,,,,,1,0,0,0,0,0,1,,0,0,1,0,0,0,0,0,1,1
0.48,Qatar vs Switzerland,Qatar vs Switzerland,2026-06-13,Q10,Will Granit Xhaka have at least 1 shot on target?,player_sot_over,nan,nan,,48,,No,,raw_paste_collected_in_chat,0,,,,,,,0,0,1,unknown,,,,,1,0,0,0,0,0,1,,0,0,1,0,0,0,0,0,1,1
0.59,Brazil vs Morocco,Brazil vs Morocco,2026-06-13,Q1,Will Brazil be caught offside 2 or more times?,team_offsides_over,nan,nan,,59,,No,,raw_paste_collected_in_chat,0,,,,,,,0,0,1,unknown,,,,,0,1,0,0,0,0,1,,0,0,0,0,1,0,0,0,0,1
0.61,Brazil vs Morocco,Brazil vs Morocco,2026-06-13,Q2,Will Morocco commit more fouls than Brazil?,team_more_fouls,nan,nan,,61,,No,,raw_paste_collected_in_chat,0,,,,,,,0,0,1,unknown,,,,,0,1,0,0,0,0,0,,1,0,0,0,0,0,0,0,0,1
0.32,Brazil vs Morocco,Brazil vs Morocco,2026-06-13,Q3,Will Morocco score the first goal of the second half?,team_score_first_2h,nan,nan,,32,,No,,raw_paste_collected_in_chat,0,,,,,,,0,0,1,unknown,,,,,0,1,0,0,1,0,0,,0,0,0,0,0,1,0,0,0,1
0.55,Brazil vs Morocco,Brazil vs Morocco,2026-06-13,Q4,Will Brazil score more goals than Morocco in the second half?,team_more_goals_2h,nan,nan,,55,,No,,raw_paste_collected_in_chat,0,,,,,,,0,0,1,unknown,,,,,0,1,0,0,1,0,0,,0,0,0,0,0,1,0,0,0,1
0.33,Brazil vs Morocco,Brazil vs Morocco,2026-06-13,Q5,Will Morocco have more shots on target than Brazil in the second half?,team_more_sot_2h,nan,nan,,33,,No,,raw_paste_collected_in_chat,0,,,,,,,0,0,1,unknown,,,,,0,1,0,0,1,0,0,,0,0,1,0,0,0,0,0,0,1
0.39,Brazil vs Morocco,Brazil vs Morocco,2026-06-13,Q6,Will Brazil receive more cards than Morocco?,team_more_cards,nan,nan,,39,,Yes,,raw_paste_collected_in_chat,0,,,,,,,0,0,1,unknown,,,,,0,1,0,0,0,0,0,,0,1,0,0,0,0,0,0,0,1
0.47,Brazil vs Morocco,Brazil vs Morocco,2026-06-13,Q7,Will both teams score AND the match have 3 or more total goals?,compound_btts_over_2_5,nan,nan,,47,,No,,raw_paste_collected_in_chat,0,,,,,,,0,0,1,unknown,,,,,0,0,1,1,0,0,1,,0,0,0,0,0,1,0,0,0,1
0.66,Brazil vs Morocco,Brazil vs Morocco,2026-06-13,Q8,Will Brazil win the match?,team_win,nan,nan,,66,,No,,raw_paste_collected_in_chat,0,,,,,,,0,0,1,unknown,,,,,0,1,0,0,0,0,0,,0,0,0,0,0,0,0,1,0,1
0.38,Brazil vs Morocco,Brazil vs Morocco,2026-06-13,Q9,Will Morocco have 5 or more corner kicks?,team_corners_over,nan,nan,,38,,No,,raw_paste_collected_in_chat,0,,,,,,,0,0,1,unknown,,,,,0,1,0,0,0,0,1,,0,0,0,1,0,0,0,0,0,1
0.42,Brazil vs Morocco,Brazil vs Morocco,2026-06-13,Q10,Will the match be tied at halftime?,halftime_draw,nan,nan,,42,,Yes,,raw_paste_collected_in_chat,0,,,,,,,0,0,1,unknown,,,,,0,0,1,0,0,1,0,,0,0,0,0,0,0,0,0,0,1
0.62,Haiti vs Scotland,Haiti vs Scotland,2026-06-13,Q1,Will Haiti commit more fouls than Scotland?,team_more_fouls,nan,nan,,62,,Yes,,raw_paste_collected_in_chat,0,,,,,,,0,0,1,unknown,,,,,0,1,0,0,0,0,0,,1,0,0,0,0,0,0,0,0,1
0.3,Haiti vs Scotland,Haiti vs Scotland,2026-06-13,Q2,"In the second half, will Haiti have more corner kicks than Scotland?",team_more_corners_2h,nan,nan,,30,,Yes,,raw_paste_collected_in_chat,0,,,,,,,0,0,1,unknown,,,,,0,1,0,0,1,0,0,,0,0,0,1,0,0,0,0,0,1
0.27,Haiti vs Scotland,Haiti vs Scotland,2026-06-13,Q3,Will Haiti have more shots on target than Scotland in the second half?,team_more_sot_2h,nan,nan,,27,,Yes,,raw_paste_collected_in_chat,0,,,,,,,0,0,1,unknown,,,,,0,1,0,0,1,0,0,,0,0,1,0,0,0,0,0,0,1
0.42,Haiti vs Scotland,Haiti vs Scotland,2026-06-13,Q4,Will a penalty kick be awarded OR a red card be shown?,penalty_or_red_card,nan,nan,,42,,No,,raw_paste_collected_in_chat,0,,,,,,,0,0,1,unknown,,,,,0,0,1,0,0,0,0,,0,1,0,0,0,0,1,0,0,1
0.45,Haiti vs Scotland,Haiti vs Scotland,2026-06-13,Q5,Will Haiti score at least 1 goal?,team_score_any,nan,nan,,45,,No,,raw_paste_collected_in_chat,0,,,,,,,0,0,1,unknown,,,,,0,1,0,0,0,0,1,,0,0,0,0,0,1,0,0,1,1
0.39,Haiti vs Scotland,Haiti vs Scotland,2026-06-13,Q6,Will the match be tied at halftime?,halftime_draw,nan,nan,,39,,No,,raw_paste_collected_in_chat,0,,,,,,,0,0,1,unknown,,,,,0,0,1,0,0,1,0,,0,0,0,0,0,0,0,0,0,1
0.46,Haiti vs Scotland,Haiti vs Scotland,2026-06-13,Q7,Will the match have 2 or fewer total goals?,match_total_under,nan,nan,,46,,Yes,,raw_paste_collected_in_chat,0,,,,,,,0,0,1,unknown,,,,,0,0,1,0,0,0,1,,0,0,0,0,0,1,0,0,0,1
0.42,Haiti vs Scotland,Haiti vs Scotland,2026-06-13,Q8,Will the second half have 2 or more total goals?,second_half_goals_over,nan,nan,,42,,No,,raw_paste_collected_in_chat,0,,,,,,,0,0,1,unknown,,,,,0,0,1,0,1,0,1,,0,0,0,0,0,1,0,0,0,1
0.45,Haiti vs Scotland,Haiti vs Scotland,2026-06-13,Q9,Will Duckens Nazon have at least 1 shot on target?,player_sot_over,nan,nan,,45,,No,,raw_paste_collected_in_chat,0,,,,,,,0,0,1,unknown,,,,,1,0,0,0,0,0,1,,0,0,1,0,0,0,0,0,1,1
0.64,Haiti vs Scotland,Haiti vs Scotland,2026-06-13,Q10,Will Scott McTominay have at least 1 shot on target?,player_sot_over,nan,nan,,64,,No,,raw_paste_collected_in_chat,0,,,,,,,0,0,1,unknown,,,,,1,0,0,0,0,0,1,,0,0,1,0,0,0,0,0,1,1
0.53,Australia vs Turkey,Australia vs Turkey,2026-06-14,Q1,Will Australia commit more fouls than Türkiye?,team_more_fouls,nan,nan,,53,,Yes,,raw_paste_collected_in_chat,0,,,,,,,0,0,1,unknown,,,,,0,1,0,0,0,0,0,,1,0,0,0,0,0,0,0,0,1
0.62,Australia vs Turkey,Australia vs Turkey,2026-06-14,Q2,Will Türkiye have more shots on target than Australia in the second half?,team_more_sot_2h,nan,nan,,62,,Yes,,raw_paste_collected_in_chat,0,,,,,,,0,0,1,unknown,,,,,0,1,0,0,1,0,0,,0,0,1,0,0,0,0,0,0,1
0.48,Australia vs Turkey,Australia vs Turkey,2026-06-14,Q3,Will Australia be caught offside 2 or more times?,team_offsides_over,nan,nan,,48,,No,,raw_paste_collected_in_chat,0,,,,,,,0,0,1,unknown,,,,,0,1,0,0,0,0,1,,0,0,0,0,1,0,0,0,0,1
0.64,Australia vs Turkey,Australia vs Turkey,2026-06-14,Q4,Will Türkiye finish with more corner kicks than Australia?,team_more_corners_full,nan,nan,,64,,Yes,,raw_paste_collected_in_chat,0,,,,,,,0,0,1,unknown,,,,,0,1,0,0,0,0,0,,0,0,0,1,0,0,0,0,0,1
0.41,Australia vs Turkey,Australia vs Turkey,2026-06-14,Q5,Will Orkun Kökçü have at least 1 shot on target in the second half?,player_sot_2h_over,nan,nan,,41,,No,,raw_paste_collected_in_chat,0,,,,,,,0,0,1,unknown,,,,,1,0,0,0,1,0,1,,0,0,1,0,0,0,0,0,1,1
0.38,Australia vs Turkey,Australia vs Turkey,2026-06-14,Q6,Will both teams score AND the match have 3 or more total goals?,compound_btts_over_2_5,nan,nan,,38,,No,,raw_paste_collected_in_chat,0,,,,,,,0,0,1,unknown,,,,,0,0,1,1,0,0,1,,0,0,0,0,0,1,0,0,0,1
0.26,Australia vs Turkey,Australia vs Turkey,2026-06-14,Q7,Will Australia win the match?,team_win,nan,nan,,26,,Yes,,raw_paste_collected_in_chat,0,,,,,,,0,0,1,unknown,,,,,0,1,0,0,0,0,0,,0,0,0,0,0,0,0,1,0,1
0.6,Australia vs Turkey,Australia vs Turkey,2026-06-14,Q8,Will Türkiye score in the second half?,team_score_2h,nan,nan,,60,,No,,raw_paste_collected_in_chat,0,,,,,,,0,0,1,unknown,,,,,0,1,0,0,1,0,0,,0,0,0,0,0,1,0,0,1,1
0.51,Australia vs Turkey,Australia vs Turkey,2026-06-14,Q9,Will there be 4 or more total cards shown?,total_cards_over,nan,nan,,51,,No,,raw_paste_collected_in_chat,0,,,,,,,0,0,1,unknown,,,,,0,0,1,0,0,0,1,,0,1,0,0,0,0,0,0,0,1
0.39,Germany vs Curaçao,Germany vs Curaçao,2026-06-14,Q1,Will Curaçao be caught offside 2 or more times?,team_offsides_over,nan,nan,,39,,No,,raw_paste_collected_in_chat,0,,,,,,,0,0,1,unknown,,,,,0,1,0,0,0,0,1,,0,0,0,0,1,0,0,0,0,1
0.84,Germany vs Curaçao,Germany vs Curaçao,2026-06-14,Q2,"In the second half, will Germany have more shots on target than Curaçao?",team_more_sot_2h,nan,nan,,84,,Yes,,raw_paste_collected_in_chat,0,,,,,,,0,0,1,unknown,,,,,0,1,0,0,1,0,0,,0,0,1,0,0,0,0,0,0,1
0.66,Germany vs Curaçao,Germany vs Curaçao,2026-06-14,Q3,Will Curaçao commit more fouls than Germany?,team_more_fouls,nan,nan,,66,,No,,raw_paste_collected_in_chat,0,,,,,,,0,0,1,unknown,,,,,0,1,0,0,0,0,0,,1,0,0,0,0,0,0,0,0,1
0.61,Germany vs Curaçao,Germany vs Curaçao,2026-06-14,Q4,Will Curaçao receive more cards than Germany?,team_more_cards,nan,nan,,61,,No,,raw_paste_collected_in_chat,0,,,,,,,0,0,1,unknown,,,,,0,1,0,0,0,0,0,,0,1,0,0,0,0,0,0,0,1
0.54,Germany vs Curaçao,Germany vs Curaçao,2026-06-14,Q5,Will Germany be caught offside 2 or more times?,team_offsides_over,nan,nan,,54,,No,,raw_paste_collected_in_chat,0,,,,,,,0,0,1,unknown,,,,,0,1,0,0,0,0,1,,0,0,0,0,1,0,0,0,0,1
0.92,Germany vs Curaçao,Germany vs Curaçao,2026-06-14,Q6,Will Germany win the match?,team_win,nan,nan,,92,,Yes,,raw_paste_collected_in_chat,0,,,,,,,0,0,1,unknown,,,,,0,1,0,0,0,0,0,,0,0,0,0,0,0,0,1,0,1
0.25,Germany vs Curaçao,Germany vs Curaçao,2026-06-14,Q7,Will the match have 2 or fewer total goals?,match_total_under,nan,nan,,25,,No,,raw_paste_collected_in_chat,0,,,,,,,0,0,1,unknown,,,,,0,0,1,0,0,0,1,,0,0,0,0,0,1,0,0,0,1
0.6,Germany vs Curaçao,Germany vs Curaçao,2026-06-14,Q8,Will the second half have 2 or more total goals?,second_half_goals_over,nan,nan,,60,,Yes,,raw_paste_collected_in_chat,0,,,,,,,0,0,1,unknown,,,,,0,0,1,0,1,0,1,,0,0,0,0,0,1,0,0,0,1
0.32,Germany vs Curaçao,Germany vs Curaçao,2026-06-14,Q9,Will Curaçao have 3 or more shots on target?,team_sot_over,nan,nan,,32,,No,,raw_paste_collected_in_chat,0,,,,,,,0,0,1,unknown,,,,,0,1,0,0,0,0,1,,0,0,1,0,0,0,0,0,1,1
0.32,Germany vs Curaçao,Germany vs Curaçao,2026-06-14,Q10,Will Leandro Bacuna have at least 1 shot on target?,player_sot_over,nan,nan,,32,,No,,raw_paste_collected_in_chat,0,,,,,,,0,0,1,unknown,,,,,1,0,0,0,0,0,1,,0,0,1,0,0,0,0,0,1,1
0.49,Netherlands vs Japan,Netherlands vs Japan,2026-06-14,Q1,Will Japan commit more fouls than Netherlands?,team_more_fouls,nan,nan,,49,,No,,raw_paste_collected_in_chat,0,,,,,,,0,0,1,unknown,,,,,0,1,0,0,0,0,0,,1,0,0,0,0,0,0,0,0,1
0.54,Netherlands vs Japan,Netherlands vs Japan,2026-06-14,Q2,Will Netherlands be caught offside 2 or more times?,team_offsides_over,nan,nan,,54,,No,,raw_paste_collected_in_chat,0,,,,,,,0,0,1,unknown,,,,,0,1,0,0,0,0,1,,0,0,0,0,1,0,0,0,0,1
0.76,Netherlands vs Japan,Netherlands vs Japan,2026-06-14,Q3,Will both teams have at least 1 shot on target in the second half?,both_teams_sot_2h_1plus,nan,nan,,76,,Yes,,raw_paste_collected_in_chat,0,,,,,,,0,0,1,unknown,,,,,0,0,1,0,1,0,1,,0,0,1,0,0,0,0,0,0,1
0.44,Netherlands vs Japan,Netherlands vs Japan,2026-06-14,Q4,Will both teams score AND the match have 3 or more total goals?,compound_btts_over_2_5,nan,nan,,44,,Yes,,raw_paste_collected_in_chat,0,,,,,,,0,0,1,unknown,,,,,0,0,1,1,0,0,1,,0,0,0,0,0,1,0,0,0,1
0.43,Netherlands vs Japan,Netherlands vs Japan,2026-06-14,Q5,Will Japan receive more cards than Netherlands?,team_more_cards,nan,nan,,43,,No,,raw_paste_collected_in_chat,0,,,,,,,0,0,1,unknown,,,,,0,1,0,0,0,0,0,,0,1,0,0,0,0,0,0,0,1
0.53,Netherlands vs Japan,Netherlands vs Japan,2026-06-14,Q6,Will Netherlands win the match?,team_win,nan,nan,,53,,No,,raw_paste_collected_in_chat,0,,,,,,,0,0,1,unknown,,,,,0,1,0,0,0,0,0,,0,0,0,0,0,0,0,1,0,1
0.5,Netherlands vs Japan,Netherlands vs Japan,2026-06-14,Q7,Will Japan score in the second half?,team_score_2h,nan,nan,,50,,Yes,,raw_paste_collected_in_chat,0,,,,,,,0,0,1,unknown,,,,,0,1,0,0,1,0,0,,0,0,0,0,0,1,0,0,1,1
0.56,Netherlands vs Japan,Netherlands vs Japan,2026-06-14,Q8,Will there be 8 or more total shots on target?,match_total_sot_over,nan,nan,,56,,Yes,,raw_paste_collected_in_chat,0,,,,,,,0,0,1,unknown,,,,,0,0,1,0,0,0,1,,0,0,1,0,0,0,0,0,0,1
0.61,Netherlands vs Japan,Netherlands vs Japan,2026-06-14,Q9,Will Cody Gakpo have at least 1 shot on target?,player_sot_over,nan,nan,,61,,Yes,,raw_paste_collected_in_chat,0,,,,,,,0,0,1,unknown,,,,,1,0,0,0,0,0,1,,0,0,1,0,0,0,0,0,1,1
0.36,Netherlands vs Japan,Netherlands vs Japan,2026-06-14,Q10,Will Takefusa Kubo score or assist a goal (excluding own goals)?,player_goal_or_assist,nan,nan,,36,,Yes,,raw_paste_collected_in_chat,0,,,,,,,0,0,1,unknown,,,,,1,0,0,0,0,0,0,,0,0,0,0,0,1,0,0,1,1
0.52,Ivory Coast vs Ecuador,Ivory Coast vs Ecuador,2026-06-14,Q1,Will Ecuador commit more fouls than Ivory Coast?,team_more_fouls,nan,nan,,52,,Yes,,raw_paste_collected_in_chat,0,,,,,,,0,0,1,unknown,,,,,0,1,0,0,0,0,0,,1,0,0,0,0,0,0,0,0,1
0.48,Ivory Coast vs Ecuador,Ivory Coast vs Ecuador,2026-06-14,Q2,"At halftime, will Ecuador have more corner kicks than Ivory Coast?",team_more_corners_h1,nan,nan,,48,,No,,raw_paste_collected_in_chat,0,,,,,,,0,0,1,unknown,,,,,0,1,0,0,0,1,0,,0,0,0,1,0,0,0,0,0,1
0.49,Ivory Coast vs Ecuador,Ivory Coast vs Ecuador,2026-06-14,Q3,Will Ivory Coast be caught offside 2 or more times?,team_offsides_over,nan,nan,,49,,No,,raw_paste_collected_in_chat,0,,,,,,,0,0,1,unknown,,,,,0,1,0,0,0,0,1,,0,0,0,0,1,0,0,0,0,1
0.5,Ivory Coast vs Ecuador,Ivory Coast vs Ecuador,2026-06-14,Q4,Will Ecuador have more shots on target than Ivory Coast in the second half?,team_more_sot_2h,nan,nan,,50,,No,,raw_paste_collected_in_chat,0,,,,,,,0,0,1,unknown,,,,,0,1,0,0,1,0,0,,0,0,1,0,0,0,0,0,0,1
0.51,Ivory Coast vs Ecuador,Ivory Coast vs Ecuador,2026-06-14,Q5,Will the second half have more total goals than the first half?,second_half_more_goals,nan,nan,,51,,Yes,,raw_paste_collected_in_chat,0,,,,,,,0,0,1,unknown,,,,,0,0,1,0,1,0,0,,0,0,0,0,0,1,0,0,0,1
0.34,Ivory Coast vs Ecuador,Ivory Coast vs Ecuador,2026-06-14,Q6,Will Ivory Coast win the match?,team_win,nan,nan,,34,,Yes,,raw_paste_collected_in_chat,0,,,,,,,0,0,1,unknown,,,,,0,1,0,0,0,0,0,,0,0,0,0,0,0,0,1,0,1
0.45,Ivory Coast vs Ecuador,Ivory Coast vs Ecuador,2026-06-14,Q7,Will Ivory Coast score in the second half?,team_score_2h,nan,nan,,45,,Yes,,raw_paste_collected_in_chat,0,,,,,,,0,0,1,unknown,,,,,0,1,0,0,1,0,0,,0,0,0,0,0,1,0,0,1,1
0.52,Ivory Coast vs Ecuador,Ivory Coast vs Ecuador,2026-06-14,Q8,Will there be 4 or more total cards shown?,total_cards_over,nan,nan,,52,,Yes,,raw_paste_collected_in_chat,0,,,,,,,0,0,1,unknown,,,,,0,0,1,0,0,0,1,,0,1,0,0,0,0,0,0,0,1
0.33,Ivory Coast vs Ecuador,Ivory Coast vs Ecuador,2026-06-14,Q9,Will Ibrahim Sangaré have at least 1 shot on target?,player_sot_over,nan,nan,,33,,No,,raw_paste_collected_in_chat,0,,,,,,,0,0,1,unknown,,,,,1,0,0,0,0,0,1,,0,0,1,0,0,0,0,0,1,1
0.34,Sweden vs Tunisia,Sweden vs Tunisia,2026-06-14,Q1,"At halftime, will Tunisia have more corner kicks than Sweden?",team_more_corners_h1,nan,nan,,34,,No,,raw_paste_collected_in_chat,0,,,,,,,0,0,1,unknown,,,,,0,1,0,0,0,1,0,,0,0,0,1,0,0,0,0,0,1
0.4,Sweden vs Tunisia,Sweden vs Tunisia,2026-06-14,Q2,Will Sweden commit more fouls than Tunisia?,team_more_fouls,nan,nan,,40,,Yes,,raw_paste_collected_in_chat,0,,,,,,,0,0,1,unknown,,,,,0,1,0,0,0,0,0,,1,0,0,0,0,0,0,0,0,1
0.51,Sweden vs Tunisia,Sweden vs Tunisia,2026-06-14,Q3,Will the second half have more total goals than the first half?,second_half_more_goals,nan,nan,,51,,No,,raw_paste_collected_in_chat,0,,,,,,,0,0,1,unknown,,,,,0,0,1,0,1,0,0,,0,0,0,0,0,1,0,0,0,1
0.31,Sweden vs Tunisia,Sweden vs Tunisia,2026-06-14,Q4,Will Sweden score the first goal of the game and Tunisia score in the second half?,compound_first_goal_score_2h,nan,nan,,31,,No,,raw_paste_collected_in_chat,0,,,,,,,0,0,1,unknown,,,,,0,0,1,1,1,0,0,,0,0,0,0,0,1,0,0,0,1
0.33,Sweden vs Tunisia,Sweden vs Tunisia,2026-06-14,Q5,Will Tunisia have more shots on target than Sweden in the second half?,team_more_sot_2h,nan,nan,,33,,No,,raw_paste_collected_in_chat,0,,,,,,,0,0,1,unknown,,,,,0,1,0,0,1,0,0,,0,0,1,0,0,0,0,0,0,1
0.37,Sweden vs Tunisia,Sweden vs Tunisia,2026-06-14,Q6,Will a penalty kick be awarded OR a red card be shown in the match?,penalty_or_red_card,nan,nan,,37,,No,,raw_paste_collected_in_chat,0,,,,,,,0,0,1,unknown,,,,,0,0,1,0,0,0,0,,0,1,0,0,0,0,1,0,0,1
0.59,Sweden vs Tunisia,Sweden vs Tunisia,2026-06-14,Q7,Will Sweden win the match?,team_win,nan,nan,,59,,Yes,,raw_paste_collected_in_chat,0,,,,,,,0,0,1,unknown,,,,,0,1,0,0,0,0,0,,0,0,0,0,0,0,0,1,0,1
0.44,Sweden vs Tunisia,Sweden vs Tunisia,2026-06-14,Q8,Will the match have 3 or more total goals?,match_total_over,nan,nan,,44,,Yes,,raw_paste_collected_in_chat,0,,,,,,,0,0,1,unknown,,,,,0,0,1,0,0,0,1,,0,0,0,0,0,1,0,0,0,1
0.5,Sweden vs Tunisia,Sweden vs Tunisia,2026-06-14,Q9,Will Viktor Gyökeres score or assist a goal (excluding own goals)?,player_goal_or_assist,nan,nan,,50,,Yes,,raw_paste_collected_in_chat,0,,,,,,,0,0,1,unknown,,,,,1,0,0,0,0,0,0,,0,0,0,0,0,1,0,0,1,1
0.31,Sweden vs Tunisia,Sweden vs Tunisia,2026-06-14,Q10,Will Ellyes Skhiri have at least 1 shot on target?,player_sot_over,nan,nan,,31,,No,,raw_paste_collected_in_chat,0,,,,,,,0,0,1,unknown,,,,,1,0,0,0,0,0,1,,0,0,1,0,0,0,0,0,1,1
0.39,Spain vs Cape Verde,Spain vs Cape Verde,2026-06-15,Q1,Will Cape Verde be caught offside 2 or more times?,team_offsides_over,nan,nan,,39,,Yes,,raw_paste_collected_in_chat,0,,,,,,,0,0,1,unknown,,,,,0,1,0,0,0,0,1,,0,0,0,0,1,0,0,0,0,1
0.79,Spain vs Cape Verde,Spain vs Cape Verde,2026-06-15,Q2,"In the second half, will Spain have more corner kicks than Cape Verde?",team_more_corners_2h,nan,nan,,79,,Yes,,raw_paste_collected_in_chat,0,,,,,,,0,0,1,unknown,,,,,0,1,0,0,1,0,0,,0,0,0,1,0,0,0,0,0,1
0.63,Spain vs Cape Verde,Spain vs Cape Verde,2026-06-15,Q3,Will Cape Verde commit more fouls than Spain?,team_more_fouls,nan,nan,,63,,No,,raw_paste_collected_in_chat,0,,,,,,,0,0,1,unknown,,,,,0,1,0,0,0,0,0,,1,0,0,0,0,0,0,0,0,1
0.84,Spain vs Cape Verde,Spain vs Cape Verde,2026-06-15,Q4,Will Spain have more shots on target than Cape Verde in the second half?,team_more_sot_2h,nan,nan,,84,,Yes,,raw_paste_collected_in_chat,0,,,,,,,0,0,1,unknown,,,,,0,1,0,0,1,0,0,,0,0,1,0,0,0,0,0,0,1
0.41,Spain vs Cape Verde,Spain vs Cape Verde,2026-06-15,Q5,Will a penalty kick be awarded OR a red card be shown in the match?,penalty_or_red_card,nan,nan,,41,,No,,raw_paste_collected_in_chat,0,,,,,,,0,0,1,unknown,,,,,0,0,1,0,0,0,0,,0,1,0,0,0,0,1,0,0,1
0.33,Spain vs Cape Verde,Spain vs Cape Verde,2026-06-15,Q6,Will both teams score AND the match have 3 or more total goals?,compound_btts_over_2_5,nan,nan,,33,,No,,raw_paste_collected_in_chat,0,,,,,,,0,0,1,unknown,,,,,0,0,1,1,0,0,1,,0,0,0,0,0,1,0,0,0,1
0.92,Spain vs Cape Verde,Spain vs Cape Verde,2026-06-15,Q7,Will Spain win the match?,team_win,nan,nan,,92,,No,,raw_paste_collected_in_chat,0,,,,,,,0,0,1,unknown,,,,,0,1,0,0,0,0,0,,0,0,0,0,0,0,0,1,0,1
0.7,Spain vs Cape Verde,Spain vs Cape Verde,2026-06-15,Q8,Will there be 8 or more total shots on target?,match_total_sot_over,nan,nan,,70,,Yes,,raw_paste_collected_in_chat,0,,,,,,,0,0,1,unknown,,,,,0,0,1,0,0,0,1,,0,0,1,0,0,0,0,0,0,1
0.44,Spain vs Cape Verde,Spain vs Cape Verde,2026-06-15,Q9,Will Dani Olmo score or assist a goal (excluding own goals)?,player_goal_or_assist,nan,nan,,44,,No,,raw_paste_collected_in_chat,0,,,,,,,0,0,1,unknown,,,,,1,0,0,0,0,0,0,,0,0,0,0,0,1,0,0,1,1
0.36,Spain vs Cape Verde,Spain vs Cape Verde,2026-06-15,Q10,Will Ryan Mendes have at least 1 shot on target?,player_sot_over,nan,nan,,36,,No,,raw_paste_collected_in_chat,0,,,,,,,0,0,1,unknown,,,,,1,0,0,0,0,0,1,,0,0,1,0,0,0,0,0,1,1
0.59,Belgium vs Egypt,Belgium vs Egypt,2026-06-15,Q1,Will Egypt commit more fouls than Belgium?,team_more_fouls,nan,nan,,59,,No,,raw_paste_collected_in_chat,0,,,,,,,0,0,1,unknown,,,,,0,1,0,0,0,0,0,,1,0,0,0,0,0,0,0,0,1
0.58,Belgium vs Egypt,Belgium vs Egypt,2026-06-15,Q2,Will there be 2 or more total cards shown in the second half?,total_cards_over,nan,nan,,58,,No,,raw_paste_collected_in_chat,0,,,,,,,0,0,1,unknown,,,,,0,0,1,0,1,0,1,,0,1,0,0,0,0,0,0,0,1
0.41,Belgium vs Egypt,Belgium vs Egypt,2026-06-15,Q3,Will both teams score AND the match have 3 or more total goals?,compound_btts_over_2_5,nan,nan,,41,,No,,raw_paste_collected_in_chat,0,,,,,,,0,0,1,unknown,,,,,0,0,1,1,0,0,1,,0,0,0,0,0,1,0,0,0,1
0.31,Belgium vs Egypt,Belgium vs Egypt,2026-06-15,Q4,Will Egypt have more shots on target than Belgium in the second half?,team_more_sot_2h,nan,nan,,31,,No,,raw_paste_collected_in_chat,0,,,,,,,0,0,1,unknown,,,,,0,1,0,0,1,0,0,,0,0,1,0,0,0,0,0,0,1
0.64,Belgium vs Egypt,Belgium vs Egypt,2026-06-15,Q5,Will there be 4 or more total shots on target in the second half?,second_half_total_sot_over,nan,nan,,64,,Yes,,raw_paste_collected_in_chat,0,,,,,,,0,0,1,unknown,,,,,0,0,1,0,1,0,1,,0,0,1,0,0,0,0,0,0,1
0.5,Belgium vs Egypt,Belgium vs Egypt,2026-06-15,Q6,Will Belgium be caught offside 2 or more times?,team_offsides_over,nan,nan,,50,,No,,raw_paste_collected_in_chat,0,,,,,,,0,0,1,unknown,,,,,0,1,0,0,0,0,1,,0,0,0,0,1,0,0,0,0,1
0.66,Belgium vs Egypt,Belgium vs Egypt,2026-06-15,Q7,Will Belgium win the match?,team_win,nan,nan,,66,,No,,raw_paste_collected_in_chat,0,,,,,,,0,0,1,unknown,,,,,0,1,0,0,0,0,0,,0,0,0,0,0,0,0,1,0,1
0.42,Belgium vs Egypt,Belgium vs Egypt,2026-06-15,Q8,"At halftime, will the match be tied?",halftime_draw,nan,nan,,42,,No,,raw_paste_collected_in_chat,0,,,,,,,0,0,1,unknown,,,,,0,0,1,0,0,1,0,,0,0,0,0,0,0,0,0,0,1
0.44,Belgium vs Egypt,Belgium vs Egypt,2026-06-15,Q9,Will Youri Tielemans have at least 1 shot on target?,player_sot_over,nan,nan,,44,,No,,raw_paste_collected_in_chat,0,,,,,,,0,0,1,unknown,,,,,1,0,0,0,0,0,1,,0,0,1,0,0,0,0,0,1,1
0.26,Belgium vs Egypt,Belgium vs Egypt,2026-06-15,Q10,Will Mahmoud Trezeguet score or assist a goal (excluding own goals)?,player_goal_or_assist,nan,nan,,26,,No,,raw_paste_collected_in_chat,0,,,,,,,0,0,1,unknown,,,,,1,0,0,0,0,0,0,,0,0,0,0,0,1,0,0,1,1
0.44,Saudi Arabia vs Uruguay,Saudi Arabia vs Uruguay,2026-06-15,Q1,Will Saudi Arabia be caught offside 2 or more times?,team_offsides_over,nan,nan,,44,,No,,raw_paste_collected_in_chat,0,,,,,,,0,0,1,unknown,,,,,0,1,0,0,0,0,1,,0,0,0,0,1,0,0,0,0,1
0.67,Saudi Arabia vs Uruguay,Saudi Arabia vs Uruguay,2026-06-15,Q2,Will both teams have at least 1 shot on target in the second half?,both_teams_sot_2h_1plus,nan,nan,,67,,No,,raw_paste_collected_in_chat,0,,,,,,,0,0,1,unknown,,,,,0,0,1,0,1,0,1,,0,0,1,0,0,0,0,0,0,1
0.49,Saudi Arabia vs Uruguay,Saudi Arabia vs Uruguay,2026-06-15,Q3,Will Saudi Arabia receive more cards than Uruguay?,team_more_cards,nan,nan,,49,,Yes,,raw_paste_collected_in_chat,0,,,,,,,0,0,1,unknown,,,,,0,1,0,0,0,0,0,,0,1,0,0,0,0,0,0,0,1
0.56,Saudi Arabia vs Uruguay,Saudi Arabia vs Uruguay,2026-06-15,Q4,Will Uruguay score more goals than Saudi Arabia in the second half?,team_more_goals_2h,nan,nan,,56,,Yes,,raw_paste_collected_in_chat,0,,,,,,,0,0,1,unknown,,,,,0,1,0,0,1,0,0,,0,0,0,0,0,1,0,0,0,1
0.32,Saudi Arabia vs Uruguay,Saudi Arabia vs Uruguay,2026-06-15,Q5,Will a penalty kick be awarded in the match?,penalty_awarded,nan,nan,,32,,No,,raw_paste_collected_in_chat,0,,,,,,,0,0,1,unknown,,,,,0,0,1,0,0,0,0,,0,0,0,0,0,0,1,0,0,1
0.53,Saudi Arabia vs Uruguay,Saudi Arabia vs Uruguay,2026-06-15,Q6,Will Saudi Arabia commit more fouls than Uruguay?,team_more_fouls,nan,nan,,53,,Yes,,raw_paste_collected_in_chat,0,,,,,,,0,0,1,unknown,,,,,0,1,0,0,0,0,0,,1,0,0,0,0,0,0,0,0,1
0.67,Saudi Arabia vs Uruguay,Saudi Arabia vs Uruguay,2026-06-15,Q7,Will Uruguay have more shots on target than Saudi Arabia in the second half?,team_more_sot_2h,nan,nan,,67,,Yes,,raw_paste_collected_in_chat,0,,,,,,,0,0,1,unknown,,,,,0,1,0,0,1,0,0,,0,0,1,0,0,0,0,0,0,1
0.18,Saudi Arabia vs Uruguay,Saudi Arabia vs Uruguay,2026-06-15,Q8,Will Saudi Arabia win the match?,team_win,nan,nan,,18,,No,,raw_paste_collected_in_chat,0,,,,,,,0,0,1,unknown,,,,,0,1,0,0,0,0,0,,0,0,0,0,0,0,0,1,0,1
0.27,Saudi Arabia vs Uruguay,Saudi Arabia vs Uruguay,2026-06-15,Q9,Will Salem Al-Dawsari score or assist a goal (excluding own goals)?,player_goal_or_assist,nan,nan,,27,,No,,raw_paste_collected_in_chat,0,,,,,,,0,0,1,unknown,,,,,1,0,0,0,0,0,0,,0,0,0,0,0,1,0,0,1,1
0.41,Saudi Arabia vs Uruguay,Saudi Arabia vs Uruguay,2026-06-15,Q10,Will Darwin Núñez score a goal (excluding own goals)?,player_goal,nan,nan,,41,,No,,raw_paste_collected_in_chat,0,,,,,,,0,0,1,unknown,,,,,1,0,0,0,0,0,0,,0,0,0,0,0,1,0,0,1,1
0.61,Iran vs New Zealand,Iran vs New Zealand,2026-06-15,Q1,"At halftime, will both teams have at least 1 shot on target?",both_teams_sot_h1_1plus,nan,nan,,61,,Yes,,raw_paste_collected_in_chat,0,,,,,,,0,0,1,unknown,,,,,0,0,1,0,0,1,1,,0,0,1,0,0,0,0,0,0,1
0.48,Iran vs New Zealand,Iran vs New Zealand,2026-06-15,Q2,Will Iran be caught offside 2 or more times?,team_offsides_over,nan,nan,,48,,Yes,,raw_paste_collected_in_chat,0,,,,,,,0,0,1,unknown,,,,,0,1,0,0,0,0,1,,0,0,0,0,1,0,0,0,0,1
0.6,Iran vs New Zealand,Iran vs New Zealand,2026-06-15,Q3,"In the second half, will Iran have more shots on target than New Zealand?",team_more_sot_2h,nan,nan,,60,,No,,raw_paste_collected_in_chat,0,,,,,,,0,0,1,unknown,,,,,0,1,0,0,1,0,0,,0,0,1,0,0,0,0,0,0,1
0.37,Iran vs New Zealand,Iran vs New Zealand,2026-06-15,Q4,Will New Zealand finish with more corner kicks than Iran?,team_more_corners_full,nan,nan,,37,,No,,raw_paste_collected_in_chat,0,,,,,,,0,0,1,unknown,,,,,0,1,0,0,0,0,0,,0,0,0,1,0,0,0,0,0,1
0.5,Iran vs New Zealand,Iran vs New Zealand,2026-06-15,Q5,Will Mehdi Taremi have at least 1 shot on target in the second half?,player_sot_2h_over,nan,nan,,50,,No,,raw_paste_collected_in_chat,0,,,,,,,0,0,1,unknown,,,,,1,0,0,0,1,0,1,,0,0,1,0,0,0,0,0,1,1
0.57,Iran vs New Zealand,Iran vs New Zealand,2026-06-15,Q6,Will Iran win the match?,team_win,nan,nan,,57,,No,,raw_paste_collected_in_chat,0,,,,,,,0,0,1,unknown,,,,,0,1,0,0,0,0,0,,0,0,0,0,0,0,0,1,0,1
0.57,Iran vs New Zealand,Iran vs New Zealand,2026-06-15,Q7,Will the match have 2 or fewer total goals?,match_total_under,nan,nan,,57,,No,,raw_paste_collected_in_chat,0,,,,,,,0,0,1,unknown,,,,,0,0,1,0,0,0,1,,0,0,0,0,0,1,0,0,0,1
0.56,Iran vs New Zealand,Iran vs New Zealand,2026-06-15,Q8,Will Iran score in the second half?,team_score_2h,nan,nan,,56,,Yes,,raw_paste_collected_in_chat,0,,,,,,,0,0,1,unknown,,,,,0,1,0,0,1,0,0,,0,0,0,0,0,1,0,0,1,1
0.47,Iran vs New Zealand,Iran vs New Zealand,2026-06-15,Q9,Will there be 4 or more total cards shown?,total_cards_over,nan,nan,,47,,No,,raw_paste_collected_in_chat,0,,,,,,,0,0,1,unknown,,,,,0,0,1,0,0,0,1,,0,1,0,0,0,0,0,0,0,1
0.22,Iran vs New Zealand,Iran vs New Zealand,2026-06-15,Q10,Will Ben Waine score or assist a goal (excluding own goals)?,player_goal_or_assist,nan,nan,,22,,No,,raw_paste_collected_in_chat,0,,,,,,,0,0,1,unknown,,,,,1,0,0,0,0,0,0,,0,0,0,0,0,1,0,0,1,1
0.55,France vs Senegal,France vs Senegal,2026-06-16,Q1,Will France be caught offside 2 or more times?,team_offsides_over,nan,nan,,55,,No,,raw_paste_collected_in_chat,0,,,,,,,0,0,1,unknown,,,,,0,1,0,0,0,0,1,,0,0,0,0,1,0,0,0,0,1
0.65,France vs Senegal,France vs Senegal,2026-06-16,Q2,Will Senegal receive at least 1 card in the second half?,team_card_2h,nan,nan,,65,,No,,raw_paste_collected_in_chat,0,,,,,,,0,0,1,unknown,,,,,0,1,0,0,1,0,1,,0,1,0,0,0,0,0,0,0,1
0.45,France vs Senegal,France vs Senegal,2026-06-16,Q3,Will both teams score AND the match have 3 or more total goals?,compound_btts_over_2_5,nan,nan,,45,,Yes,,raw_paste_collected_in_chat,0,,,,,,,0,0,1,unknown,,,,,0,0,1,1,0,0,1,,0,0,0,0,0,1,0,0,0,1
0.45,France vs Senegal,France vs Senegal,2026-06-16,Q4,Will Senegal be caught offside 2 or more times?,team_offsides_over,nan,nan,,45,,Yes,,raw_paste_collected_in_chat,0,,,,,,,0,0,1,unknown,,,,,0,1,0,0,0,0,1,,0,0,0,0,1,0,0,0,0,1
0.72,France vs Senegal,France vs Senegal,2026-06-16,Q5,Will France have more shots on target than Senegal in the second half?,team_more_sot_2h,nan,nan,,72,,Yes,,raw_paste_collected_in_chat,0,,,,,,,0,0,1,unknown,,,,,0,1,0,0,1,0,0,,0,0,1,0,0,0,0,0,0,1
0.71,France vs Senegal,France vs Senegal,2026-06-16,Q6,Will France win the match?,team_win,nan,nan,,71,,Yes,,raw_paste_collected_in_chat,0,,,,,,,0,0,1,unknown,,,,,0,1,0,0,0,0,0,,0,0,0,0,0,0,0,1,0,1
0.56,France vs Senegal,France vs Senegal,2026-06-16,Q7,"At halftime, will France be winning?",halftime_team_winning,nan,nan,,56,,No,,raw_paste_collected_in_chat,0,,,,,,,0,0,1,unknown,,,,,0,1,0,0,0,1,0,,0,0,0,0,0,0,0,1,0,1
0.42,France vs Senegal,France vs Senegal,2026-06-16,Q8,Will Senegal have 4 or more shots on target?,team_sot_over,nan,nan,,42,,No,,raw_paste_collected_in_chat,0,,,,,,,0,0,1,unknown,,,,,0,1,0,0,0,0,1,,0,0,1,0,0,0,0,0,1,1
0.64,France vs Senegal,France vs Senegal,2026-06-16,Q9,Will France score in the first half?,team_score_1h,nan,nan,,64,,No,,raw_paste_collected_in_chat,0,,,,,,,0,0,1,unknown,,,,,0,1,0,0,0,0,0,,0,0,0,0,0,1,0,0,0,1
0.3,France vs Senegal,France vs Senegal,2026-06-16,Q10,Will Sadio Mané score a goal (excluding own goals)?,player_goal,nan,nan,,30,,No,,raw_paste_collected_in_chat,0,,,,,,,0,0,1,unknown,,,,,1,0,0,0,0,0,0,,0,0,0,0,0,1,0,0,1,1
0.38,Iraq vs Norway,Iraq vs Norway,2026-06-16,Q1,Will Norway commit more fouls than Iraq?,team_more_fouls,nan,nan,,38,,Yes,,raw_paste_collected_in_chat,0,,,,,,,0,0,1,unknown,,,,,0,1,0,0,0,0,0,,1,0,0,0,0,0,0,0,0,1
0.52,Iraq vs Norway,Iraq vs Norway,2026-06-16,Q2,Will Norway be caught offside 2 or more times?,team_offsides_over,nan,nan,,52,,No,,raw_paste_collected_in_chat,0,,,,,,,0,0,1,unknown,,,,,0,1,0,0,0,0,1,,0,0,0,0,1,0,0,0,0,1
0.24,Iraq vs Norway,Iraq vs Norway,2026-06-16,Q3,Will Iraq have more shots on target than Norway in the second half?,team_more_sot_2h,nan,nan,,24,,No,,raw_paste_collected_in_chat,0,,,,,,,0,0,1,unknown,,,,,0,1,0,0,1,0,0,,0,0,1,0,0,0,0,0,0,1
0.38,Iraq vs Norway,Iraq vs Norway,2026-06-16,Q4,Will a penalty kick be awarded OR a red card be shown in the match?,penalty_or_red_card,nan,nan,,38,,No,,raw_paste_collected_in_chat,0,,,,,,,0,0,1,unknown,,,,,0,0,1,0,0,0,0,,0,1,0,0,0,0,1,0,0,1
0.66,Iraq vs Norway,Iraq vs Norway,2026-06-16,Q5,Will there be 4 or more total shots on target in the second half?,second_half_total_sot_over,nan,nan,,66,,No,,raw_paste_collected_in_chat,0,,,,,,,0,0,1,unknown,,,,,0,0,1,0,1,0,1,,0,0,1,0,0,0,0,0,0,1
0.43,Iraq vs Norway,Iraq vs Norway,2026-06-16,Q6,Will Iraq score at least 1 goal?,team_score_any,nan,nan,,43,,Yes,,raw_paste_collected_in_chat,0,,,,,,,0,0,1,unknown,,,,,0,1,0,0,0,0,1,,0,0,0,0,0,1,0,0,1,1
0.7,Iraq vs Norway,Iraq vs Norway,2026-06-16,Q7,Will Norway score in the second half?,team_score_2h,nan,nan,,70,,Yes,,raw_paste_collected_in_chat,0,,,,,,,0,0,1,unknown,,,,,0,1,0,0,1,0,0,,0,0,0,0,0,1,0,0,1,1
0.43,Iraq vs Norway,Iraq vs Norway,2026-06-16,Q8,Will Iraq have 3 or more shots on target?,team_sot_over,nan,nan,,43,,No,,raw_paste_collected_in_chat,0,,,,,,,0,0,1,unknown,,,,,0,1,0,0,0,0,1,,0,0,1,0,0,0,0,0,1,1
0.22,Iraq vs Norway,Iraq vs Norway,2026-06-16,Q9,Will Mohanad Ali score or assist a goal (excluding own goals)?,player_goal_or_assist,nan,nan,,22,,No,,raw_paste_collected_in_chat,0,,,,,,,0,0,1,unknown,,,,,1,0,0,0,0,0,0,,0,0,0,0,0,1,0,0,1,1
0.55,Iraq vs Norway,Iraq vs Norway,2026-06-16,Q10,Will the match have 3 or more total goals?,match_total_over,nan,nan,,55,,Yes,,raw_paste_collected_in_chat,0,,,,,,,0,0,1,unknown,,,,,0,0,1,0,0,0,1,,0,0,0,0,0,1,0,0,0,1
0.59,Argentina vs Algeria,Argentina vs Algeria,2026-06-16,Q1,Will Algeria commit more fouls than Argentina?,team_more_fouls,nan,nan,,59,,No,,raw_paste_collected_in_chat,0,,,,,,,0,0,1,unknown,,,,,0,1,0,0,0,0,0,,1,0,0,0,0,0,0,0,0,1
0.53,Argentina vs Algeria,Argentina vs Algeria,2026-06-16,Q2,Will Argentina be caught offside 2 or more times?,team_offsides_over,nan,nan,,53,,Yes,,raw_paste_collected_in_chat,0,,,,,,,0,0,1,unknown,,,,,0,1,0,0,0,0,1,,0,0,0,0,1,0,0,0,0,1
0.65,Argentina vs Algeria,Argentina vs Algeria,2026-06-16,Q3,Will there be 4 or more total shots on target in the second half?,second_half_total_sot_over,nan,nan,,65,,Yes,,raw_paste_collected_in_chat,0,,,,,,,0,0,1,unknown,,,,,0,0,1,0,1,0,1,,0,0,1,0,0,0,0,0,0,1
0.3,Argentina vs Algeria,Argentina vs Algeria,2026-06-16,Q4,Will Argentina score the first goal of the game and Algeria score in the second half?,compound_first_goal_score_2h,nan,nan,,30,,No,,raw_paste_collected_in_chat,0,,,,,,,0,0,1,unknown,,,,,0,0,1,1,1,0,0,,0,0,0,0,0,1,0,0,0,1
0.45,Argentina vs Algeria,Argentina vs Algeria,2026-06-16,Q5,Will Algeria have 2 or more shots on target in the second half?,team_sot_2h_over,nan,nan,,45,,No,,raw_paste_collected_in_chat,0,,,,,,,0,0,1,unknown,,,,,0,1,0,0,1,0,1,,0,0,1,0,0,0,0,0,1,1
0.4,Argentina vs Algeria,Argentina vs Algeria,2026-06-16,Q6,Will a penalty kick be awarded OR a red card be shown?,penalty_or_red_card,nan,nan,,40,,No,,raw_paste_collected_in_chat,0,,,,,,,0,0,1,unknown,,,,,0,0,1,0,0,0,0,,0,1,0,0,0,0,1,0,0,1
0.75,Argentina vs Algeria,Argentina vs Algeria,2026-06-16,Q7,Will Argentina win the match?,team_win,nan,nan,,75,,Yes,,raw_paste_collected_in_chat,0,,,,,,,0,0,1,unknown,,,,,0,1,0,0,0,0,0,,0,0,0,0,0,0,0,1,0,1
0.52,Argentina vs Algeria,Argentina vs Algeria,2026-06-16,Q8,Will the match have 3 or more total goals?,match_total_over,nan,nan,,52,,Yes,,raw_paste_collected_in_chat,0,,,,,,,0,0,1,unknown,,,,,0,0,1,0,0,0,1,,0,0,0,0,0,1,0,0,0,1
0.63,Argentina vs Algeria,Argentina vs Algeria,2026-06-16,Q9,Will Argentina score in the first half?,team_score_1h,nan,nan,,63,,Yes,,raw_paste_collected_in_chat,0,,,,,,,0,0,1,unknown,,,,,0,1,0,0,0,0,0,,0,0,0,0,0,1,0,0,0,1
0.42,Argentina vs Algeria,Argentina vs Algeria,2026-06-16,Q10,Will Riyad Mahrez have at least 1 shot on target?,player_sot_over,nan,nan,,42,,No,,raw_paste_collected_in_chat,0,,,,,,,0,0,1,unknown,,,,,1,0,0,0,0,0,1,,0,0,1,0,0,0,0,0,1,1
0.72,Austria vs Jordan,Austria vs Jordan,2026-06-17,Q1,Will Austria win the match?,team_win,nan,nan,,72,,Yes,,raw_paste_collected_in_chat,0,,,,,,,0,0,1,unknown,,,,,0,1,0,0,0,0,0,,0,0,0,0,0,0,0,1,0,1
0.58,Austria vs Jordan,Austria vs Jordan,2026-06-17,Q2,Will Jordan commit more fouls than Austria?,team_more_fouls,nan,nan,,58,,No,,raw_paste_collected_in_chat,0,,,,,,,0,0,1,unknown,,,,,0,1,0,0,0,0,0,,1,0,0,0,0,0,0,0,0,1
0.27,Austria vs Jordan,Austria vs Jordan,2026-06-17,Q3,Will Jordan have more shots on target than Austria in the second half?,team_more_sot_2h,nan,nan,,27,,No,,raw_paste_collected_in_chat,0,,,,,,,0,0,1,unknown,,,,,0,1,0,0,1,0,0,,0,0,1,0,0,0,0,0,0,1
0.48,Austria vs Jordan,Austria vs Jordan,2026-06-17,Q4,Will the match have 2 or fewer total goals?,match_total_under,nan,nan,,48,,No,,raw_paste_collected_in_chat,0,,,,,,,0,0,1,unknown,,,,,0,0,1,0,0,0,1,,0,0,0,0,0,1,0,0,0,1
0.65,Austria vs Jordan,Austria vs Jordan,2026-06-17,Q5,Will Austria score in the second half?,team_score_2h,nan,nan,,65,,Yes,,raw_paste_collected_in_chat,0,,,,,,,0,0,1,unknown,,,,,0,1,0,0,1,0,0,,0,0,0,0,0,1,0,0,1,1
0.28,Austria vs Jordan,Austria vs Jordan,2026-06-17,Q6,Will Jordan finish with more corner kicks than Austria?,team_more_corners_full,nan,nan,,28,,No,,raw_paste_collected_in_chat,0,,,,,,,0,0,1,unknown,,,,,0,1,0,0,0,0,0,,0,0,0,1,0,0,0,0,0,1
0.44,Austria vs Jordan,Austria vs Jordan,2026-06-17,Q7,Will there be 4 or more total cards shown?,total_cards_over,nan,nan,,44,,No,,raw_paste_collected_in_chat,0,,,,,,,0,0,1,unknown,,,,,0,0,1,0,0,0,1,,0,1,0,0,0,0,0,0,0,1
0.5,Austria vs Jordan,Austria vs Jordan,2026-06-17,Q8,Will Austria have 6 or more shots on target?,team_sot_over,nan,nan,,50,,No,,raw_paste_collected_in_chat,0,,,,,,,0,0,1,unknown,,,,,0,1,0,0,0,0,1,,0,0,1,0,0,0,0,0,1,1
0.57,Austria vs Jordan,Austria vs Jordan,2026-06-17,Q9,Will Marcel Sabitzer have at least 1 shot on target?,player_sot_over,nan,nan,,57,,No,,raw_paste_collected_in_chat,0,,,,,,,0,0,1,unknown,,,,,1,0,0,0,0,0,1,,0,0,1,0,0,0,0,0,1,1
0.42,Austria vs Jordan,Austria vs Jordan,2026-06-17,Q10,Will Mousa Al-Taamari have at least 1 shot on target?,player_sot_over,nan,nan,,42,,Yes,,raw_paste_collected_in_chat,0,,,,,,,0,0,1,unknown,,,,,1,0,0,0,0,0,1,,0,0,1,0,0,0,0,0,1,1
0.61,Portugal vs DR Congo,Portugal vs DR Congo,2026-06-17,Q1,Will DR Congo commit more fouls than Portugal?,team_more_fouls,nan,nan,,61,,Yes,,raw_paste_collected_in_chat,0,,,,,,,0,0,1,unknown,,,,,0,1,0,0,0,0,0,,1,0,0,0,0,0,0,0,0,1
0.75,Portugal vs DR Congo,Portugal vs DR Congo,2026-06-17,Q2,"In the second half, will Portugal have more shots on target than DR Congo?",team_more_sot_2h,nan,nan,,75,,No,,raw_paste_collected_in_chat,0,,,,,,,0,0,1,unknown,,,,,0,1,0,0,1,0,0,,0,0,1,0,0,0,0,0,0,1
0.53,Portugal vs DR Congo,Portugal vs DR Congo,2026-06-17,Q3,Will the second half have more goals than the first half?,second_half_more_goals,nan,nan,,53,,No,,raw_paste_collected_in_chat,0,,,,,,,0,0,1,unknown,,,,,0,0,1,0,1,0,0,,0,0,0,0,0,1,0,0,0,1
0.39,Portugal vs DR Congo,Portugal vs DR Congo,2026-06-17,Q4,Will a penalty kick be awarded OR a red card be shown?,penalty_or_red_card,nan,nan,,39,,No,,raw_paste_collected_in_chat,0,,,,,,,0,0,1,unknown,,,,,0,0,1,0,0,0,0,,0,1,0,0,0,0,1,0,0,1
0.36,Portugal vs DR Congo,Portugal vs DR Congo,2026-06-17,Q5,Will both teams score AND the match have 3 or more total goals?,compound_btts_over_2_5,nan,nan,,36,,No,,raw_paste_collected_in_chat,0,,,,,,,0,0,1,unknown,,,,,0,0,1,1,0,0,1,,0,0,0,0,0,1,0,0,0,1
0.8,Portugal vs DR Congo,Portugal vs DR Congo,2026-06-17,Q6,Will Portugal win the match?,team_win,nan,nan,,80,,No,,raw_paste_collected_in_chat,0,,,,,,,0,0,1,unknown,,,,,0,1,0,0,0,0,0,,0,0,0,0,0,0,0,1,0,1
0.31,Portugal vs DR Congo,Portugal vs DR Congo,2026-06-17,Q7,Will DR Congo have 4 or more shots on target?,team_sot_over,nan,nan,,31,,No,,raw_paste_collected_in_chat,0,,,,,,,0,0,1,unknown,,,,,0,1,0,0,0,0,1,,0,0,1,0,0,0,0,0,1,1
0.54,Portugal vs DR Congo,Portugal vs DR Congo,2026-06-17,Q8,Will there be 5 or more total corner kicks in the second half?,second_half_corners_over,nan,nan,,54,,Yes,,raw_paste_collected_in_chat,0,,,,,,,0,0,1,unknown,,,,,0,0,1,0,1,0,1,,0,0,0,1,0,0,0,0,0,1
0.31,Portugal vs DR Congo,Portugal vs DR Congo,2026-06-17,Q9,Will Gonçalo Ramos score a goal (excluding own goals)?,player_goal,nan,nan,,31,,No,,raw_paste_collected_in_chat,0,,,,,,,0,0,1,unknown,,,,,1,0,0,0,0,0,0,,0,0,0,0,0,1,0,0,1,1
0.43,Portugal vs DR Congo,Portugal vs DR Congo,2026-06-17,Q10,Will Cédric Bakambu have at least 1 shot on target?,player_sot_over,nan,nan,,43,,No,,raw_paste_collected_in_chat,0,,,,,,,0,0,1,unknown,,,,,1,0,0,0,0,0,1,,0,0,1,0,0,0,0,0,1,1
0.35,England vs Croatia,England vs Croatia,2026-06-17,Q1,"At halftime, will Croatia have more corner kicks than England?",team_more_corners_h1,nan,nan,,35,,No,,raw_paste_collected_in_chat,0,,,,,,,0,0,1,unknown,,,,,0,1,0,0,0,1,0,,0,0,0,1,0,0,0,0,0,1
0.45,England vs Croatia,England vs Croatia,2026-06-17,Q2,Will Croatia be caught offside 2 or more times?,team_offsides_over,nan,nan,,45,,No,,raw_paste_collected_in_chat,0,,,,,,,0,0,1,unknown,,,,,0,1,0,0,0,0,1,,0,0,0,0,1,0,0,0,0,1
0.72,England vs Croatia,England vs Croatia,2026-06-17,Q3,Will both teams have at least 1 shot on target in the second half?,both_teams_sot_2h_1plus,nan,nan,,72,,Yes,,raw_paste_collected_in_chat,0,,,,,,,0,0,1,unknown,,,,,0,0,1,0,1,0,1,,0,0,1,0,0,0,0,0,0,1
0.41,England vs Croatia,England vs Croatia,2026-06-17,Q4,Will both teams score AND the match have 3 or more total goals?,compound_btts_over_2_5,nan,nan,,41,,Yes,,raw_paste_collected_in_chat,0,,,,,,,0,0,1,unknown,,,,,0,0,1,1,0,0,1,,0,0,0,0,0,1,0,0,0,1
0.36,England vs Croatia,England vs Croatia,2026-06-17,Q5,Will a penalty kick be awarded OR a red card be shown?,penalty_or_red_card,nan,nan,,36,,Yes,,raw_paste_collected_in_chat,0,,,,,,,0,0,1,unknown,,,,,0,0,1,0,0,0,0,,0,1,0,0,0,0,1,0,0,1
0.43,England vs Croatia,England vs Croatia,2026-06-17,Q6,Will England commit more fouls than Croatia?,team_more_fouls,nan,nan,,43,,No,,raw_paste_collected_in_chat,0,,,,,,,0,0,1,unknown,,,,,0,1,0,0,0,0,0,,1,0,0,0,0,0,0,0,0,1
0.59,England vs Croatia,England vs Croatia,2026-06-17,Q7,Will Harry Kane have at least 1 shot on target in the second half?,player_sot_2h_over,nan,nan,,59,,Yes,,raw_paste_collected_in_chat,0,,,,,,,0,0,1,unknown,,,,,1,0,0,0,1,0,1,,0,0,1,0,0,0,0,0,1,1
0.62,England vs Croatia,England vs Croatia,2026-06-17,Q8,Will England have more shots on target than Croatia in the second half?,team_more_sot_2h,nan,nan,,62,,Yes,,raw_paste_collected_in_chat,0,,,,,,,0,0,1,unknown,,,,,0,1,0,1,1,0,0,,0,0,1,0,0,0,0,0,0,1
0.6,England vs Croatia,England vs Croatia,2026-06-17,Q9,Will England win the match?,team_win,nan,nan,,60,,Yes,,raw_paste_collected_in_chat,0,,,,,,,0,0,1,unknown,,,,,0,1,0,0,0,0,0,,0,0,0,0,0,0,0,1,0,1
0.34,England vs Croatia,England vs Croatia,2026-06-17,Q10,Will Luka Sučić have at least 1 shot on target?,player_sot_over,nan,nan,,34,,No,,raw_paste_collected_in_chat,0,,,,,,,0,0,1,unknown,,,,,1,0,0,0,0,0,1,,0,0,1,0,0,0,0,0,1,1
0.48,Ghana vs Panama,Ghana vs Panama,2026-06-17,Q1,Will Ghana commit more fouls than Panama?,team_more_fouls,nan,nan,,48,,No,,raw_paste_collected_in_chat,0,,,,,,,0,0,1,unknown,,,,,0,1,0,0,0,0,0,,1,0,0,0,0,0,0,0,0,1
0.44,Ghana vs Panama,Ghana vs Panama,2026-06-17,Q2,Will Panama be caught offside 2 or more times?,team_offsides_over,nan,nan,,44,,No,,raw_paste_collected_in_chat,0,,,,,,,0,0,1,unknown,,,,,0,1,0,0,0,0,1,,0,0,0,0,1,0,0,0,0,1
0.34,Ghana vs Panama,Ghana vs Panama,2026-06-17,Q3,Will Panama score the first goal of the second half?,team_score_first_2h,nan,nan,,34,,No,,raw_paste_collected_in_chat,0,,,,,,,0,0,1,unknown,,,,,0,1,0,0,1,0,0,,0,0,0,0,0,1,0,0,0,1
0.46,Ghana vs Panama,Ghana vs Panama,2026-06-17,Q4,Will Panama receive more cards than Ghana?,team_more_cards,nan,nan,,46,,Yes,,raw_paste_collected_in_chat,0,,,,,,,0,0,1,unknown,,,,,0,1,0,0,0,0,0,,0,1,0,0,0,0,0,0,0,1
0.54,Ghana vs Panama,Ghana vs Panama,2026-06-17,Q5,Will Ghana have more shots on target than Panama in the second half?,team_more_sot_2h,nan,nan,,54,,No,,raw_paste_collected_in_chat,0,,,,,,,0,0,1,unknown,,,,,0,1,0,0,1,0,0,,0,0,1,0,0,0,0,0,0,1
0.48,Ghana vs Panama,Ghana vs Panama,2026-06-17,Q6,Will Ghana win the match?,team_win,nan,nan,,48,,Yes,,raw_paste_collected_in_chat,0,,,,,,,0,0,1,unknown,,,,,0,1,0,0,0,0,0,,0,0,0,0,0,0,0,1,0,1
0.4,Ghana vs Panama,Ghana vs Panama,2026-06-17,Q7,Will the second half have 2 or more total goals?,second_half_goals_over,nan,nan,,40,,No,,raw_paste_collected_in_chat,0,,,,,,,0,0,1,unknown,,,,,0,0,1,0,1,0,1,,0,0,0,0,0,1,0,0,0,1
0.66,Ghana vs Panama,Ghana vs Panama,2026-06-17,Q8,Will Ghana have 3 or more shots on target?,team_sot_over,nan,nan,,66,,No,,raw_paste_collected_in_chat,0,,,,,,,0,0,1,unknown,,,,,0,1,0,0,0,0,1,,0,0,1,0,0,0,0,0,1,1
0.56,Ghana vs Panama,Ghana vs Panama,2026-06-17,Q9,Will Antoine Semenyo have at least 1 shot on target?,player_sot_over,nan,nan,,56,,Yes,,raw_paste_collected_in_chat,0,,,,,,,0,0,1,unknown,,,,,1,0,0,0,0,0,1,,0,0,1,0,0,0,0,0,1,1
0.39,Ghana vs Panama,Ghana vs Panama,2026-06-17,Q10,Will José Fajardo have at least 1 shot on target?,player_sot_over,nan,nan,,39,,No,,raw_paste_collected_in_chat,0,,,,,,,0,0,1,unknown,,,,,1,0,0,0,0,0,1,,0,0,1,0,0,0,0,0,1,1
0.42,Uzbekistan vs Colombia,Uzbekistan vs Colombia,2026-06-17,Q1,Will Uzbekistan be caught offside 2 or more times?,team_offsides_over,nan,nan,,42,,No,,raw_paste_collected_in_chat,0,,,,,,,0,0,1,unknown,,,,,0,1,0,0,0,0,1,,0,0,0,0,1,0,0,0,0,1
0.69,Uzbekistan vs Colombia,Uzbekistan vs Colombia,2026-06-17,Q2,Will Colombia have more shots on target than Uzbekistan in the second half?,team_more_sot_2h,nan,nan,,69,,No,,raw_paste_collected_in_chat,0,,,,,,,0,0,1,unknown,,,,,0,1,0,0,1,0,0,,0,0,1,0,0,0,0,0,0,1
0.37,Uzbekistan vs Colombia,Uzbekistan vs Colombia,2026-06-17,Q3,Will a penalty kick be awarded OR a red card be shown in the match?,penalty_or_red_card,nan,nan,,37,,No,,raw_paste_collected_in_chat,0,,,,,,,0,0,1,unknown,,,,,0,0,1,0,0,0,0,,0,1,0,0,0,0,1,0,0,1
0.55,Uzbekistan vs Colombia,Uzbekistan vs Colombia,2026-06-17,Q4,Will Luis Díaz have at least 1 shot on target in the second half?,player_sot_2h_over,nan,nan,,55,,Yes,,raw_paste_collected_in_chat,0,,,,,,,0,0,1,unknown,,,,,1,0,0,0,1,0,1,,0,0,1,0,0,0,0,0,1,1
0.43,Uzbekistan vs Colombia,Uzbekistan vs Colombia,2026-06-17,Q5,Will Uzbekistan score at least 1 goal?,team_score_any,nan,nan,,43,,Yes,,raw_paste_collected_in_chat,0,,,,,,,0,0,1,unknown,,,,,0,1,0,0,0,0,1,,0,0,0,0,0,1,0,0,1,1
0.41,Uzbekistan vs Colombia,Uzbekistan vs Colombia,2026-06-17,Q6,"At halftime, will the match be tied?",halftime_draw,nan,nan,,41,,No,,raw_paste_collected_in_chat,0,,,,,,,0,0,1,unknown,,,,,0,0,1,0,0,1,0,,0,0,0,0,0,0,0,0,0,1
0.48,Uzbekistan vs Colombia,Uzbekistan vs Colombia,2026-06-17,Q7,Will the match have 2 or fewer total goals?,match_total_under,nan,nan,,48,,No,,raw_paste_collected_in_chat,0,,,,,,,0,0,1,unknown,,,,,0,0,1,0,0,0,1,,0,0,0,0,0,1,0,0,0,1
0.66,Uzbekistan vs Colombia,Uzbekistan vs Colombia,2026-06-17,Q8,Will Colombia score in the second half?,team_score_2h,nan,nan,,66,,Yes,,raw_paste_collected_in_chat,0,,,,,,,0,0,1,unknown,,,,,0,1,0,0,1,0,0,,0,0,0,0,0,1,0,0,1,1
0.29,Uzbekistan vs Colombia,Uzbekistan vs Colombia,2026-06-17,Q9,Will Uzbekistan have 5 or more corner kicks?,team_corners_over,nan,nan,,29,,No,,raw_paste_collected_in_chat,0,,,,,,,0,0,1,unknown,,,,,0,1,0,0,0,0,1,,0,0,0,1,0,0,0,0,0,1
0.28,Uzbekistan vs Colombia,Uzbekistan vs Colombia,2026-06-17,Q10,Will Eldor Shomurodov score or assist a goal (excluding own goals)?,player_goal_or_assist,nan,nan,,28,,No,,raw_paste_collected_in_chat,0,,,,,,,0,0,1,unknown,,,,,1,0,0,0,0,0,0,,0,0,0,0,0,1,0,0,1,1
0.52,Czechia vs South Africa,Czechia vs South Africa,2026-06-18,Q1,Will South Africa commit more fouls than Czechia?,team_more_fouls,nan,nan,,52,,No,,raw_paste_collected_in_chat,0,,,,,,,0,0,1,unknown,,,,,0,1,0,0,0,0,0,,1,0,0,0,0,0,0,0,0,1
0.59,Czechia vs South Africa,Czechia vs South Africa,2026-06-18,Q2,"In the second half, will Czechia have more corner kicks than South Africa?",team_more_corners_2h,nan,nan,,59,,Yes,,raw_paste_collected_in_chat,0,,,,,,,0,0,1,unknown,,,,,0,1,0,0,1,0,0,,0,0,0,1,0,0,0,0,0,1
0.61,Czechia vs South Africa,Czechia vs South Africa,2026-06-18,Q3,Will Czechia have more shots on target than South Africa in the second half?,team_more_sot_2h,nan,nan,,61,,No,,raw_paste_collected_in_chat,0,,,,,,,0,0,1,unknown,,,,,0,1,0,0,1,0,0,,0,0,1,0,0,0,0,0,0,1
0.38,Czechia vs South Africa,Czechia vs South Africa,2026-06-18,Q4,Will a penalty kick be awarded OR a red card be shown in the match?,penalty_or_red_card,nan,nan,,38,,Yes,,raw_paste_collected_in_chat,0,,,,,,,0,0,1,unknown,,,,,0,0,1,0,0,0,0,,0,1,0,0,0,0,1,0,0,1
0.48,Czechia vs South Africa,Czechia vs South Africa,2026-06-18,Q5,Will Czechia be caught offside 2 or more times?,team_offsides_over,nan,nan,,48,,Yes,,raw_paste_collected_in_chat,0,,,,,,,0,0,1,unknown,,,,,0,1,0,0,0,0,1,,0,0,0,0,1,0,0,0,0,1
0.58,Czechia vs South Africa,Czechia vs South Africa,2026-06-18,Q6,Will Czechia win the match?,team_win,nan,nan,,58,,No,,raw_paste_collected_in_chat,0,,,,,,,0,0,1,unknown,,,,,0,1,0,0,0,0,0,,0,0,0,0,0,0,0,1,0,1
0.53,Czechia vs South Africa,Czechia vs South Africa,2026-06-18,Q7,Will the match have 2 or fewer total goals?,match_total_under,nan,nan,,53,,Yes,,raw_paste_collected_in_chat,0,,,,,,,0,0,1,unknown,,,,,0,0,1,0,0,0,1,,0,0,0,0,0,1,0,0,0,1
0.4,Czechia vs South Africa,Czechia vs South Africa,2026-06-18,Q8,Will South Africa score in the second half?,team_score_2h,nan,nan,,40,,Yes,,raw_paste_collected_in_chat,0,,,,,,,0,0,1,unknown,,,,,0,1,0,0,1,0,0,,0,0,0,0,0,1,0,0,1,1
0.61,Czechia vs South Africa,Czechia vs South Africa,2026-06-18,Q9,Will Patrik Schick have at least 1 shot on target?,player_sot_over,nan,nan,,61,,Yes,,raw_paste_collected_in_chat,0,,,,,,,0,0,1,unknown,,,,,1,0,0,0,0,0,1,,0,0,1,0,0,0,0,0,1,1
0.27,Czechia vs South Africa,Czechia vs South Africa,2026-06-18,Q10,Will Oswin Appollis score or assist a goal (excluding own goals)?,player_goal_or_assist,nan,nan,,27,,No,,raw_paste_collected_in_chat,0,,,,,,,0,0,1,unknown,,,,,1,0,0,0,0,0,0,,0,0,0,0,0,1,0,0,1,1
0.64,Switzerland vs Bosnia and Herzegovina,Switzerland vs Bosnia and Herzegovina,2026-06-18,Q1,"At halftime, will both teams have at least 1 shot on target?",both_teams_sot_h1_1plus,nan,nan,,64,,Yes,,raw_paste_collected_in_chat,0,,,,,,,0,0,1,unknown,,,,,0,0,1,0,0,1,1,,0,0,1,0,0,0,0,0,0,1
0.47,Switzerland vs Bosnia and Herzegovina,Switzerland vs Bosnia and Herzegovina,2026-06-18,Q2,Will Switzerland be caught offside 2 or more times?,team_offsides_over,nan,nan,,47,,Yes,,raw_paste_collected_in_chat,0,,,,,,,0,0,1,unknown,,,,,0,1,0,0,0,0,1,,0,0,0,0,1,0,0,0,0,1
0.56,Switzerland vs Bosnia and Herzegovina,Switzerland vs Bosnia and Herzegovina,2026-06-18,Q3,Will there be 2 or more total cards shown in the second half?,total_cards_over,nan,nan,,56,,Yes,,raw_paste_collected_in_chat,0,,,,,,,0,0,1,unknown,,,,,0,0,1,0,1,0,1,,0,1,0,0,0,0,0,0,0,1
0.37,Switzerland vs Bosnia and Herzegovina,Switzerland vs Bosnia and Herzegovina,2026-06-18,Q4,Will both teams score AND the match have 3 or more total goals?,compound_btts_over_2_5,nan,nan,,37,,Yes,,raw_paste_collected_in_chat,0,,,,,,,0,0,1,unknown,,,,,0,0,1,1,0,0,1,,0,0,0,0,0,1,0,0,0,1
0.6,Switzerland vs Bosnia and Herzegovina,Switzerland vs Bosnia and Herzegovina,2026-06-18,Q5,Will Bosnia and Herzegovina commit more fouls than Switzerland?,team_more_fouls,nan,nan,,60,,Yes,,raw_paste_collected_in_chat,0,,,,,,,0,0,1,unknown,,,,,0,1,0,0,0,0,0,,1,0,0,0,0,0,0,0,0,1
0.3,Switzerland vs Bosnia and Herzegovina,Switzerland vs Bosnia and Herzegovina,2026-06-18,Q6,Will a penalty kick be awarded in the match?,penalty_awarded,nan,nan,,30,,Yes,,raw_paste_collected_in_chat,0,,,,,,,0,0,1,unknown,,,,,0,0,1,0,0,0,0,,0,0,0,0,0,0,1,0,0,1
0.64,Switzerland vs Bosnia and Herzegovina,Switzerland vs Bosnia and Herzegovina,2026-06-18,Q7,Will Switzerland have more shots on target than Bosnia and Herzegovina in the second half?,team_more_sot_2h,nan,nan,,64,,Yes,,raw_paste_collected_in_chat,0,,,,,,,0,0,1,unknown,,,,,0,1,0,1,1,0,0,,0,0,1,0,0,0,0,0,0,1
0.34,Switzerland vs Bosnia and Herzegovina,Switzerland vs Bosnia and Herzegovina,2026-06-18,Q8,Will Granit Xhaka have at least 1 shot on target in the second half?,player_sot_2h_over,nan,nan,,34,,Yes,,raw_paste_collected_in_chat,0,,,,,,,0,0,1,unknown,,,,,1,0,0,0,1,0,1,,0,0,1,0,0,0,0,0,1,1
0.45,Switzerland vs Bosnia and Herzegovina,Switzerland vs Bosnia and Herzegovina,2026-06-18,Q9,Will Edin Džeko have at least 1 shot on target?,player_sot_over,nan,nan,,45,,No,,raw_paste_collected_in_chat,0,,,,,,,0,0,1,unknown,,,,,1,0,0,0,0,0,1,,0,0,1,0,0,0,0,0,1,1
0.63,Switzerland vs Bosnia and Herzegovina,Switzerland vs Bosnia and Herzegovina,2026-06-18,Q10,Will Switzerland win the match?,team_win,nan,nan,,63,,Yes,,raw_paste_collected_in_chat,0,,,,,,,0,0,1,unknown,,,,,0,1,0,0,0,0,0,,0,0,0,0,0,0,0,1,0,1
0.56,Canada vs Qatar,Canada vs Qatar,2026-06-18,Q1,Will Qatar commit more fouls than Canada?,team_more_fouls,nan,nan,,56,,Yes,,raw_paste_collected_in_chat,0,,,,,,,0,0,1,unknown,,,,,0,1,0,0,0,0,0,,1,0,0,0,0,0,0,0,0,1
0.6,Canada vs Qatar,Canada vs Qatar,2026-06-18,Q2,Will there be 4 or more total shots on target in the second half?,second_half_total_sot_over,nan,nan,,60,,No,,raw_paste_collected_in_chat,0,,,,,,,0,0,1,unknown,,,,,0,0,1,0,1,0,1,,0,0,1,0,0,0,0,0,0,1
0.36,Canada vs Qatar,Canada vs Qatar,2026-06-18,Q3,Will a penalty kick be awarded OR a red card be shown?,penalty_or_red_card,nan,nan,,36,,Yes,,raw_paste_collected_in_chat,0,,,,,,,0,0,1,unknown,,,,,0,0,1,0,0,0,0,,0,1,0,0,0,0,1,0,0,1
0.5,Canada vs Qatar,Canada vs Qatar,2026-06-18,Q4,Will Jonathan David have at least 1 shot on target in the second half?,player_sot_2h_over,nan,nan,,50,,Yes,,raw_paste_collected_in_chat,0,,,,,,,0,0,1,unknown,,,,,1,0,0,0,1,0,1,,0,0,1,0,0,0,0,0,1,1
0.71,Canada vs Qatar,Canada vs Qatar,2026-06-18,Q5,Will Canada win the match?,team_win,nan,nan,,71,,Yes,,raw_paste_collected_in_chat,0,,,,,,,0,0,1,unknown,,,,,0,1,0,0,0,0,0,,0,0,0,0,0,0,0,1,0,1
0.52,Canada vs Qatar,Canada vs Qatar,2026-06-18,Q6,"At halftime, will Canada be winning?",halftime_team_winning,nan,nan,,52,,Yes,,raw_paste_collected_in_chat,0,,,,,,,0,0,1,unknown,,,,,0,1,0,0,0,1,0,,0,0,0,0,0,0,0,1,0,1
0.57,Canada vs Qatar,Canada vs Qatar,2026-06-18,Q7,Will Canada have 5 or more shots on target?,team_sot_over,nan,nan,,57,,Yes,,raw_paste_collected_in_chat,0,,,,,,,0,0,1,unknown,,,,,0,1,0,0,0,0,1,,0,0,1,0,0,0,0,0,1,1
0.28,Canada vs Qatar,Canada vs Qatar,2026-06-18,Q8,Will Qatar have 5 or more corner kicks?,team_corners_over,nan,nan,,28,,No,,raw_paste_collected_in_chat,0,,,,,,,0,0,1,unknown,,,,,0,1,0,0,0,0,1,,0,0,0,1,0,0,0,0,0,1
0.42,Canada vs Qatar,Canada vs Qatar,2026-06-18,Q9,Will Akram Afif have at least 1 shot on target?,player_sot_over,nan,nan,,42,,No,,raw_paste_collected_in_chat,0,,,,,,,0,0,1,unknown,,,,,1,0,0,0,0,0,1,,0,0,1,0,0,0,0,0,1,1
0.35,Canada vs Qatar,Canada vs Qatar,2026-06-18,Q10,Will Qatar score in the second half?,team_score_2h,nan,nan,,35,,No,,raw_paste_collected_in_chat,0,,,,,,,0,0,1,unknown,,,,,0,1,0,0,1,0,0,,0,0,0,0,0,1,0,0,1,1
0.51,Mexico vs South Korea,Mexico vs South Korea,2026-06-18,Q1,Will Mexico be caught offside 2 or more times?,team_offsides_over,nan,nan,,51,,Yes,,raw_paste_collected_in_chat,0,,,,,,,0,0,1,unknown,,,,,0,1,0,0,0,0,1,,0,0,0,0,1,0,0,0,0,1
0.33,Mexico vs South Korea,Mexico vs South Korea,2026-06-18,Q2,Will Mexico score the first goal of the game and South Korea score in the second half?,compound_first_goal_score_2h,nan,nan,,33,,No,,raw_paste_collected_in_chat,0,,,,,,,0,0,1,unknown,,,,,0,0,1,1,1,0,0,,0,0,0,0,0,1,0,0,0,1
0.41,Mexico vs South Korea,Mexico vs South Korea,2026-06-18,Q3,Will South Korea finish with more corner kicks than Mexico?,team_more_corners_full,nan,nan,,41,,Yes,,raw_paste_collected_in_chat,0,,,,,,,0,0,1,unknown,,,,,0,1,0,0,0,0,0,,0,0,0,1,0,0,0,0,0,1
0.49,Mexico vs South Korea,Mexico vs South Korea,2026-06-18,Q4,Will Mexico win the match?,team_win,nan,nan,,49,,Yes,,raw_paste_collected_in_chat,0,,,,,,,0,0,1,unknown,,,,,0,1,0,0,0,0,0,,0,0,0,0,0,0,0,1,0,1
0.4,Mexico vs South Korea,Mexico vs South Korea,2026-06-18,Q5,"At halftime, will Mexico be winning?",halftime_team_winning,nan,nan,,40,,No,,raw_paste_collected_in_chat,0,,,,,,,0,0,1,unknown,,,,,0,1,0,0,0,1,0,,0,0,0,0,0,0,0,1,0,1
0.48,Mexico vs South Korea,Mexico vs South Korea,2026-06-18,Q6,Will the match have 3 or more total goals?,match_total_over,nan,nan,,48,,No,,raw_paste_collected_in_chat,0,,,,,,,0,0,1,unknown,,,,,0,0,1,0,0,0,1,,0,0,0,0,0,1,0,0,0,1
0.5,Mexico vs South Korea,Mexico vs South Korea,2026-06-18,Q7,Will South Korea score in the second half?,team_score_2h,nan,nan,,50,,No,,raw_paste_collected_in_chat,0,,,,,,,0,0,1,unknown,,,,,0,1,0,0,1,0,0,,0,0,0,0,0,1,0,0,1,1
0.48,Mexico vs South Korea,Mexico vs South Korea,2026-06-18,Q8,Will there be 4 or more total cards shown?,total_cards_over,nan,nan,,48,,No,,raw_paste_collected_in_chat,0,,,,,,,0,0,1,unknown,,,,,0,0,1,0,0,0,1,,0,1,0,0,0,0,0,0,0,1
0.42,Mexico vs South Korea,Mexico vs South Korea,2026-06-18,Q9,Will Son Heung-min score or assist a goal (excluding own goals)?,player_goal_or_assist,nan,nan,,42,,No,,raw_paste_collected_in_chat,0,,,,,,,0,0,1,unknown,,,,,1,0,0,0,0,0,0,,0,0,0,0,0,1,0,0,1,1
0.44,United States vs Australia,United States vs Australia,2026-06-19,Q1,Will United States commit more fouls than Australia?,team_more_fouls,nan,nan,,44,,No,,raw_paste_collected_in_chat,0,,,,,,,0,0,1,unknown,,,,,0,1,0,0,0,0,0,,1,0,0,0,0,0,0,0,0,1
0.45,United States vs Australia,United States vs Australia,2026-06-19,Q2,Will Australia be caught offside 2 or more times?,team_offsides_over,nan,nan,,45,,No,,raw_paste_collected_in_chat,0,,,,,,,0,0,1,unknown,,,,,0,1,0,0,0,0,1,,0,0,0,0,1,0,0,0,0,1
0.52,United States vs Australia,United States vs Australia,2026-06-19,Q3,Will United States score more goals than Australia in the second half?,team_more_goals_2h,nan,nan,,52,,No,,raw_paste_collected_in_chat,0,,,,,,,0,0,1,unknown,,,,,0,1,0,0,1,0,0,,0,0,0,0,0,1,0,0,0,1
0.63,United States vs Australia,United States vs Australia,2026-06-19,Q4,Will United States have more shots on target than Australia in the second half?,team_more_sot_2h,nan,nan,,63,,No,,raw_paste_collected_in_chat,0,,,,,,,0,0,1,unknown,,,,,0,1,0,0,1,0,0,,0,0,1,0,0,0,0,0,0,1
0.34,United States vs Australia,United States vs Australia,2026-06-19,Q5,Will Australia finish with more corner kicks than United States?,team_more_corners_full,nan,nan,,34,,No,,raw_paste_collected_in_chat,0,,,,,,,0,0,1,unknown,,,,,0,1,0,0,0,0,0,,0,0,0,1,0,0,0,0,0,1
0.43,United States vs Australia,United States vs Australia,2026-06-19,Q6,Will both teams score AND the match have 3 or more total goals?,compound_btts_over_2_5,nan,nan,,43,,No,,raw_paste_collected_in_chat,0,,,,,,,0,0,1,unknown,,,,,0,0,1,1,0,0,1,,0,0,0,0,0,1,0,0,0,1
0.62,United States vs Australia,United States vs Australia,2026-06-19,Q7,Will United States win the match?,team_win,nan,nan,,62,,Yes,,raw_paste_collected_in_chat,0,,,,,,,0,0,1,unknown,,,,,0,1,0,0,0,0,0,,0,0,0,0,0,0,0,1,0,1
0.45,United States vs Australia,United States vs Australia,2026-06-19,Q8,Will there be 4 or more total cards shown?,total_cards_over,nan,nan,,45,,Yes,,raw_paste_collected_in_chat,0,,,,,,,0,0,1,unknown,,,,,0,0,1,0,0,0,1,,0,1,0,0,0,0,0,0,0,1
0.65,United States vs Australia,United States vs Australia,2026-06-19,Q9,Will Folarin Balogun have at least 1 shot on target?,player_sot_over,nan,nan,,65,,No,,raw_paste_collected_in_chat,0,,,,,,,0,0,1,unknown,,,,,1,0,0,0,0,0,1,,0,0,1,0,0,0,0,0,1,1
0.49,Scotland vs Morocco,Scotland vs Morocco,2026-06-19,Q1,Will Morocco be caught offside 2 or more times?,team_offsides_over,nan,nan,,49,,No,,raw_paste_collected_in_chat,0,,,,,,,0,0,1,unknown,,,,,0,1,0,0,0,0,1,,0,0,0,0,1,0,0,0,0,1
0.44,Scotland vs Morocco,Scotland vs Morocco,2026-06-19,Q2,Will Morocco commit more fouls than Scotland?,team_more_fouls,nan,nan,,44,,No,,raw_paste_collected_in_chat,0,,,,,,,0,0,1,unknown,,,,,0,1,0,0,0,0,0,,1,0,0,0,0,0,0,0,0,1
0.58,Scotland vs Morocco,Scotland vs Morocco,2026-06-19,Q3,Will Morocco receive at least 1 card in the second half?,team_card_2h,nan,nan,,58,,No,,raw_paste_collected_in_chat,0,,,,,,,0,0,1,unknown,,,,,0,1,0,0,1,0,1,,0,1,0,0,0,0,0,0,0,1
0.36,Scotland vs Morocco,Scotland vs Morocco,2026-06-19,Q4,Will both teams score AND the match have 3 or more total goals?,compound_btts_over_2_5,nan,nan,,36,,No,,raw_paste_collected_in_chat,0,,,,,,,0,0,1,unknown,,,,,0,0,1,1,0,0,1,,0,0,0,0,0,1,0,0,0,1
0.32,Scotland vs Morocco,Scotland vs Morocco,2026-06-19,Q5,Will Scotland have more shots on target than Morocco in the second half?,team_more_sot_2h,nan,nan,,32,,No,,raw_paste_collected_in_chat,0,,,,,,,0,0,1,unknown,,,,,0,1,0,1,1,0,0,,0,0,1,0,0,0,0,0,0,1
0.41,Scotland vs Morocco,Scotland vs Morocco,2026-06-19,Q6,Will Scotland be caught offside 2 or more times?,team_offsides_over,nan,nan,,41,,No,,raw_paste_collected_in_chat,0,,,,,,,0,0,1,unknown,,,,,0,1,0,0,0,0,1,,0,0,0,0,1,0,0,0,0,1
0.24,Scotland vs Morocco,Scotland vs Morocco,2026-06-19,Q7,Will Scotland win the match?,team_win,nan,nan,,24,,No,,raw_paste_collected_in_chat,0,,,,,,,0,0,1,unknown,,,,,0,1,0,0,0,0,0,,0,0,0,0,0,0,0,1,0,1
0.5,Scotland vs Morocco,Scotland vs Morocco,2026-06-19,Q8,Will Scotland have 3 or more shots on target?,team_sot_over,nan,nan,,50,,No,,raw_paste_collected_in_chat,0,,,,,,,0,0,1,unknown,,,,,0,1,0,1,0,0,1,,0,0,1,0,0,0,0,0,1,1
0.48,Scotland vs Morocco,Scotland vs Morocco,2026-06-19,Q9,Will Scott McTominay have at least 1 shot on target?,player_sot_over,nan,nan,,48,,No,,raw_paste_collected_in_chat,0,,,,,,,0,0,1,unknown,,,,,1,0,0,0,0,0,1,,0,0,1,0,0,0,0,0,1,1
0.59,Scotland vs Morocco,Scotland vs Morocco,2026-06-19,Q10,Will Morocco score in the second half?,team_score_2h,nan,nan,,59,,No,,raw_paste_collected_in_chat,0,,,,,,,0,0,1,unknown,,,,,0,1,0,0,1,0,0,,0,0,0,0,0,1,0,0,1,1
0.35,Brazil vs Haiti,Brazil vs Haiti,2026-06-19,Q1,Will Brazil commit more fouls than Haiti?,team_more_fouls,nan,nan,,35,,No,,raw_paste_collected_in_chat,0,,,,,,,0,0,1,unknown,,,,,0,1,0,0,0,0,0,,1,0,0,0,0,0,0,0,0,1
0.4,Brazil vs Haiti,Brazil vs Haiti,2026-06-19,Q2,Will Haiti be caught offside 2 or more times?,team_offsides_over,nan,nan,,40,,Yes,,raw_paste_collected_in_chat,0,,,,,,,0,0,1,unknown,,,,,0,1,0,0,0,0,1,,0,0,0,0,1,0,0,0,0,1
0.54,Brazil vs Haiti,Brazil vs Haiti,2026-06-19,Q3,Will Haiti have at least 1 shot on target in the second half?,player_sot_2h_over,nan,nan,,54,,Yes,,raw_paste_collected_in_chat,0,,,,,,,0,0,1,unknown,,,,,1,0,0,0,1,0,1,,0,0,1,0,0,0,0,0,1,1
0.32,Brazil vs Haiti,Brazil vs Haiti,2026-06-19,Q4,Will Haiti have 2 or more shots on target in the second half?,team_sot_2h_over,nan,nan,,32,,Yes,,raw_paste_collected_in_chat,0,,,,,,,0,0,1,unknown,,,,,0,1,0,0,1,0,1,,0,0,1,0,0,0,0,0,1,1
0.55,Brazil vs Haiti,Brazil vs Haiti,2026-06-19,Q5,Will Haiti receive more cards than Brazil?,team_more_cards,nan,nan,,55,,Yes,,raw_paste_collected_in_chat,0,,,,,,,0,0,1,unknown,,,,,0,1,0,0,0,0,0,,0,1,0,0,0,0,0,0,0,1
0.86,Brazil vs Haiti,Brazil vs Haiti,2026-06-19,Q6,Will Brazil win the match?,team_win,nan,nan,,86,,Yes,,raw_paste_collected_in_chat,0,,,,,,,0,0,1,unknown,,,,,0,1,0,0,0,0,0,,0,0,0,0,0,0,0,1,0,1
0.78,Brazil vs Haiti,Brazil vs Haiti,2026-06-19,Q7,Will Brazil score in the second half?,team_score_2h,nan,nan,,78,,No,,raw_paste_collected_in_chat,0,,,,,,,0,0,1,unknown,,,,,0,1,0,0,1,0,0,,0,0,0,0,0,1,0,0,1,1
0.41,Brazil vs Haiti,Brazil vs Haiti,2026-06-19,Q8,Will Haiti have 3 or more corner kicks?,team_corners_over,nan,nan,,41,,Yes,,raw_paste_collected_in_chat,0,,,,,,,0,0,1,unknown,,,,,0,1,0,0,0,0,1,,0,0,0,1,0,0,0,0,0,1
0.59,Brazil vs Haiti,Brazil vs Haiti,2026-06-19,Q9,Will Brazil score 3 or more total goals?,team_total_goals_over,nan,nan,,59,,Yes,,raw_paste_collected_in_chat,0,,,,,,,0,0,1,unknown,,,,,0,1,0,0,0,0,1,,0,0,0,0,0,1,0,0,0,1
0.3,Brazil vs Haiti,Brazil vs Haiti,2026-06-19,Q10,Will Duckens Nazon have at least 1 shot on target?,player_sot_over,nan,nan,,30,,No,,raw_paste_collected_in_chat,0,,,,,,,0,0,1,unknown,,,,,1,0,0,0,0,0,1,,0,0,1,0,0,0,0,0,1,1
0.52,Turkey vs Paraguay,Turkey vs Paraguay,2026-06-19,Q1,Will Paraguay receive more cards than Türkiye?,team_more_cards,nan,nan,,52,,Yes,,raw_paste_collected_in_chat,0,,,,,,,0,0,1,unknown,,,,,0,1,0,0,0,0,0,,0,1,0,0,0,0,0,0,0,1
0.51,Turkey vs Paraguay,Turkey vs Paraguay,2026-06-19,Q2,Will Türkiye be caught offside 2 or more times?,team_offsides_over,nan,nan,,51,,Yes,,raw_paste_collected_in_chat,0,,,,,,,0,0,1,unknown,,,,,0,1,0,0,0,0,1,,0,0,0,0,1,0,0,0,0,1
0.57,Turkey vs Paraguay,Turkey vs Paraguay,2026-06-19,Q3,"In the second half, will Türkiye have more corner kicks than Paraguay?",team_more_corners_2h,nan,nan,,57,,Yes,,raw_paste_collected_in_chat,0,,,,,,,0,0,1,unknown,,,,,0,1,0,0,1,0,0,,0,0,0,1,0,0,0,0,0,1
0.58,Turkey vs Paraguay,Turkey vs Paraguay,2026-06-19,Q4,Will Paraguay commit more fouls than Türkiye?,team_more_fouls,nan,nan,,58,,Yes,,raw_paste_collected_in_chat,0,,,,,,,0,0,1,unknown,,,,,0,1,0,0,0,0,0,,1,0,0,0,0,0,0,0,0,1
0.59,Turkey vs Paraguay,Turkey vs Paraguay,2026-06-19,Q5,Will Türkiye have more shots on target than Paraguay in the second half?,team_more_sot_2h,nan,nan,,59,,Yes,,raw_paste_collected_in_chat,0,,,,,,,0,0,1,unknown,,,,,0,1,0,0,1,0,0,,0,0,1,0,0,0,0,0,0,1
0.39,Turkey vs Paraguay,Turkey vs Paraguay,2026-06-19,Q6,Will a penalty kick be awarded OR a red card be shown?,penalty_or_red_card,nan,nan,,39,,Yes,,raw_paste_collected_in_chat,0,,,,,,,0,0,1,unknown,,,,,0,0,1,0,0,0,0,,0,1,0,0,0,0,1,0,0,1
0.54,Turkey vs Paraguay,Turkey vs Paraguay,2026-06-19,Q7,Will Türkiye win the match?,team_win,nan,nan,,54,,No,,raw_paste_collected_in_chat,0,,,,,,,0,0,1,unknown,,,,,0,1,0,0,0,0,0,,0,0,0,0,0,0,0,1,0,1
0.5,Turkey vs Paraguay,Turkey vs Paraguay,2026-06-19,Q8,Will the match have 2 or fewer total goals?,match_total_under,nan,nan,,50,,Yes,,raw_paste_collected_in_chat,0,,,,,,,0,0,1,unknown,,,,,0,0,1,0,0,0,1,,0,0,0,0,0,1,0,0,0,1
0.41,Turkey vs Paraguay,Turkey vs Paraguay,2026-06-19,Q9,Will Orkun Kökçü have at least 1 shot on target?,player_sot_over,nan,nan,,41,,No,,raw_paste_collected_in_chat,0,,,,,,,0,0,1,unknown,,,,,1,0,0,0,0,0,1,,0,0,1,0,0,0,0,0,1,1
0.48,Turkey vs Paraguay,Turkey vs Paraguay,2026-06-19,Q10,Will Julio Enciso have at least 1 shot on target?,player_sot_over,nan,nan,,48,,No,,raw_paste_collected_in_chat,0,,,,,,,0,0,1,unknown,,,,,1,0,0,0,0,0,1,,0,0,1,0,0,0,0,0,1,1
0.59,Netherlands vs Sweden,Netherlands vs Sweden,2026-06-20,Q1,Will Netherlands win the match?,team_win,nan,nan,,59,57.0,Yes,0.67,raw_paste_collected_in_chat,0,,,,,,,0,0,1,unknown,,,,,0,1,0,0,0,0,0,,0,0,0,0,0,0,0,1,0,1
0.52,Netherlands vs Sweden,Netherlands vs Sweden,2026-06-20,Q2,Will Netherlands be caught offside 2 or more times?,team_offsides_over,nan,nan,,52,,Yes,,raw_paste_collected_in_chat,0,,,,,,,0,0,1,unknown,,,,,0,1,0,0,0,0,1,,0,0,0,0,1,0,0,0,0,1
0.73,Netherlands vs Sweden,Netherlands vs Sweden,2026-06-20,Q3,Will both teams have at least 1 shot on target in the second half?,both_teams_sot_2h_1plus,nan,nan,,73,,Yes,,raw_paste_collected_in_chat,0,,,,,,,0,0,1,unknown,,,,,0,0,1,0,1,0,1,,0,0,1,0,0,0,0,0,0,1
0.47,Netherlands vs Sweden,Netherlands vs Sweden,2026-06-20,Q4,Will both teams score AND the match have 3 or more total goals?,compound_btts_over_2_5,nan,nan,,47,,Yes,,raw_paste_collected_in_chat,0,,,,,,,0,0,1,unknown,,,,,0,0,1,1,0,0,1,,0,0,0,0,0,1,0,0,0,1
0.49,Netherlands vs Sweden,Netherlands vs Sweden,2026-06-20,Q5,Will Netherlands score more goals than Sweden in the second half?,team_more_goals_2h,nan,nan,,49,,Yes,,raw_paste_collected_in_chat,0,,,,,,,0,0,1,unknown,,,,,0,1,0,0,1,0,0,,0,0,0,0,0,1,0,0,0,1
0.47,Netherlands vs Sweden,Netherlands vs Sweden,2026-06-20,Q6,Will Sweden receive more cards than Netherlands?,team_more_cards,nan,nan,,47,,Yes,,raw_paste_collected_in_chat,0,,,,,,,0,0,1,unknown,,,,,0,1,0,0,0,0,0,,0,1,0,0,0,0,0,0,0,1
0.5,Netherlands vs Sweden,Netherlands vs Sweden,2026-06-20,Q7,Will Viktor Gyökeres have at least 1 shot on target in the second half?,player_sot_2h_over,nan,nan,,50,,No,,raw_paste_collected_in_chat,0,,,,,,,0,0,1,unknown,,,,,1,0,0,0,1,0,1,,0,0,1,0,0,0,0,0,1,1
0.43,Netherlands vs Sweden,Netherlands vs Sweden,2026-06-20,Q8,"At halftime, will the match be tied?",halftime_draw,nan,nan,,43,,No,,raw_paste_collected_in_chat,0,,,,,,,0,0,1,unknown,,,,,0,0,1,0,0,1,0,,0,0,0,0,0,0,0,0,0,1
0.58,Netherlands vs Sweden,Netherlands vs Sweden,2026-06-20,Q9,Will there be 8 or more total shots on target?,match_total_sot_over,nan,nan,,58,,Yes,,raw_paste_collected_in_chat,0,,,,,,,0,0,1,unknown,,,,,0,0,1,0,0,0,1,,0,0,1,0,0,0,0,0,0,1
0.61,Netherlands vs Sweden,Netherlands vs Sweden,2026-06-20,Q10,Will Cody Gakpo have at least 1 shot on target?,player_sot_over,nan,nan,,61,,Yes,,raw_paste_collected_in_chat,0,,,,,,,0,0,1,unknown,,,,,1,0,0,0,0,0,1,,0,0,1,0,0,0,0,0,1,1
0.69,Germany vs Ivory Coast,Germany vs Ivory Coast,2026-06-20,Q1,Will Germany win the match?,team_win,nan,nan,,69,66.0,Yes,0.07,raw_paste_collected_in_chat,0,,,,,,,0,0,1,unknown,,,,,0,1,0,0,0,0,0,,0,0,0,0,0,0,0,1,0,1
0.57,Germany vs Ivory Coast,Germany vs Ivory Coast,2026-06-20,Q2,Will Ivory Coast commit more fouls than Germany?,team_more_fouls,nan,nan,,57,,Yes,,raw_paste_collected_in_chat,0,,,,,,,0,0,1,unknown,,,,,0,1,0,0,0,0,0,,1,0,0,0,0,0,0,0,0,1
0.65,Germany vs Ivory Coast,Germany vs Ivory Coast,2026-06-20,Q3,"At halftime, will both teams have at least 1 shot on target?",both_teams_sot_h1_1plus,nan,nan,,65,,Yes,,raw_paste_collected_in_chat,0,,,,,,,0,0,1,unknown,,,,,0,0,1,0,0,1,1,,0,0,1,0,0,0,0,0,0,1
0.52,Germany vs Ivory Coast,Germany vs Ivory Coast,2026-06-20,Q4,Will the second half have more goals than the first half?,second_half_more_goals,nan,nan,,52,,Yes,,raw_paste_collected_in_chat,0,,,,,,,0,0,1,unknown,,,,,0,0,1,0,1,0,0,,0,0,0,0,0,1,0,0,0,1
0.49,Germany vs Ivory Coast,Germany vs Ivory Coast,2026-06-20,Q5,Will Germany be caught offside 2 or more times?,team_offsides_over,nan,nan,,49,,No,,raw_paste_collected_in_chat,0,,,,,,,0,0,1,unknown,,,,,0,1,0,0,0,0,1,,0,0,0,0,1,0,0,0,0,1
0.27,Germany vs Ivory Coast,Germany vs Ivory Coast,2026-06-20,Q6,Will Ivory Coast have more shots on target than Germany in the second half?,team_more_sot_2h,nan,nan,,27,,No,,raw_paste_collected_in_chat,0,,,,,,,0,0,1,unknown,,,,,0,1,0,0,1,0,0,,0,0,1,0,0,0,0,0,0,1
0.44,Germany vs Ivory Coast,Germany vs Ivory Coast,2026-06-20,Q7,Will Ivory Coast be caught offside 2 or more times?,team_offsides_over,nan,nan,,44,,No,,raw_paste_collected_in_chat,0,,,,,,,0,0,1,unknown,,,,,0,1,0,0,0,0,1,,0,0,0,0,1,0,0,0,0,1
0.54,Germany vs Ivory Coast,Germany vs Ivory Coast,2026-06-20,Q8,Will Ivory Coast receive more cards than Germany?,team_more_cards,nan,nan,,54,,No,,raw_paste_collected_in_chat,0,,,,,,,0,0,1,unknown,,,,,0,1,0,0,0,0,0,,0,1,0,0,0,0,0,0,0,1
0.46,Germany vs Ivory Coast,Germany vs Ivory Coast,2026-06-20,Q9,Will there be 4 or more total cards shown?,total_cards_over,nan,nan,,46,,No,,raw_paste_collected_in_chat,0,,,,,,,0,0,1,unknown,,,,,0,0,1,0,0,0,1,,0,1,0,0,0,0,0,0,0,1
0.69,Germany vs Ivory Coast,Germany vs Ivory Coast,2026-06-20,Q10,Will Germany score in the second half?,team_score_2h,nan,nan,,69,,Yes,,raw_paste_collected_in_chat,0,,,,,,,0,0,1,unknown,,,,,0,1,0,0,1,0,0,,0,0,0,0,0,1,0,0,1,1
0.8,Ecuador vs Curaçao,Ecuador vs Curaçao,2026-06-20,Q1,Will Ecuador win the match?,team_win,nan,nan,,80,83.0,No,-2.49,raw_paste_collected_in_chat,1,Ecuador,Curaçao,0.776612971316132,0.07552117425250286,0.7010917970636292,,0,0,1,neutral_or_unknown,0.5419687428887948,,,,0,1,0,0,0,0,0,,0,0,0,0,0,0,0,1,0,1
0.57,Ecuador vs Curaçao,Ecuador vs Curaçao,2026-06-20,Q2,Will the match have 3 or more total goals?,match_total_over,nan,nan,,57,61.0,No,-2.47,raw_paste_collected_in_chat,1,Ecuador,Curaçao,0.776612971316132,0.07552117425250286,0.7010917970636292,,0,0,1,neutral_or_unknown,0.5419687428887948,,,,0,0,1,0,0,0,1,,0,0,0,0,0,1,0,0,0,1
0.56,Ecuador vs Curaçao,Ecuador vs Curaçao,2026-06-20,Q3,"At halftime, will both teams have at least 1 shot on target?",both_teams_sot_h1_1plus,nan,nan,,56,,No,,raw_paste_collected_in_chat,1,Ecuador,Curaçao,0.776612971316132,0.07552117425250286,0.7010917970636292,,0,0,1,neutral_or_unknown,0.5419687428887948,,,,0,0,1,0,0,1,1,,0,0,1,0,0,0,0,0,0,1
0.44,Ecuador vs Curaçao,Ecuador vs Curaçao,2026-06-20,Q4,Will Ecuador commit more fouls than Curaçao?,team_more_fouls,nan,nan,,44,,No,,raw_paste_collected_in_chat,1,Ecuador,Curaçao,0.776612971316132,0.07552117425250286,0.7010917970636292,,0,0,1,neutral_or_unknown,0.5419687428887948,,,,0,1,0,0,0,0,0,,1,0,0,0,0,0,0,0,0,1
0.5,Ecuador vs Curaçao,Ecuador vs Curaçao,2026-06-20,Q5,Will the second half have more total goals than the first half?,second_half_more_goals,nan,nan,,50,,No,,raw_paste_collected_in_chat,1,Ecuador,Curaçao,0.776612971316132,0.07552117425250286,0.7010917970636292,,0,0,1,neutral_or_unknown,0.5419687428887948,,,,0,0,1,0,1,0,0,,0,0,0,0,0,1,0,0,0,1
0.27,Ecuador vs Curaçao,Ecuador vs Curaçao,2026-06-20,Q6,Will Ecuador score the first goal of the game and Curaçao score in the second half?,compound_first_goal_score_2h,nan,nan,,27,,No,,raw_paste_collected_in_chat,1,Ecuador,Curaçao,0.776612971316132,0.07552117425250286,0.7010917970636292,,0,0,1,neutral_or_unknown,0.5419687428887948,,,,0,0,1,1,1,0,0,,0,0,0,0,0,1,0,0,0,1
0.39,Ecuador vs Curaçao,Ecuador vs Curaçao,2026-06-20,Q7,Will a penalty kick be awarded OR a red card be shown in the match?,penalty_or_red_card,nan,nan,,39,,No,,raw_paste_collected_in_chat,1,Ecuador,Curaçao,0.776612971316132,0.07552117425250286,0.7010917970636292,,0,0,1,neutral_or_unknown,0.5419687428887948,,,,0,0,1,0,0,0,0,,0,1,0,0,0,0,1,0,0,1
0.63,Ecuador vs Curaçao,Ecuador vs Curaçao,2026-06-20,Q8,Will Ecuador have 5 or more corner kicks?,team_corners_over,nan,nan,,63,,Yes,,raw_paste_collected_in_chat,1,Ecuador,Curaçao,0.776612971316132,0.07552117425250286,0.7010917970636292,,0,0,1,neutral_or_unknown,0.5419687428887948,,,,0,1,0,0,0,0,1,,0,0,0,1,0,0,0,0,0,1
0.35,Ecuador vs Curaçao,Ecuador vs Curaçao,2026-06-20,Q9,Will Leandro Bacuna have at least 1 shot on target?,player_sot_over,nan,nan,,35,,Yes,,raw_paste_collected_in_chat,1,Ecuador,Curaçao,0.776612971316132,0.07552117425250286,0.7010917970636292,,0,0,1,neutral_or_unknown,0.5419687428887948,,,,1,0,0,0,0,0,1,,0,0,1,0,0,0,0,0,1,1
0.33,Spain vs Saudi Arabia,Spain vs Saudi Arabia,2026-06-21,Q6,Will both teams score AND the match have 3 or more total goals?,compound_btts_over_2_5,nan,nan,,33,29.0,No,5.01,live_lock_spain_2026_06_21,1,Spain,Saudi Arabia,0.8696171109833117,0.04203079635400785,0.8275863146293039,,0,0,1,neutral_or_unknown,0.6977693200846762,0.37088351882890924,0.23906848045278056,,0,0,1,1,0,0,1,,0,0,0,0,0,1,0,0,0,1
0.85,Spain vs Saudi Arabia,Spain vs Saudi Arabia,2026-06-21,Q7,Will Spain win the match?,team_win,nan,nan,,85,87.0,Yes,2.29,live_lock_spain_2026_06_21,1,Spain,Saudi Arabia,0.8696171109833117,0.04203079635400785,0.8275863146293039,,0,0,1,neutral_or_unknown,0.6977693200846762,0.37088351882890924,0.23906848045278056,,0,1,0,0,0,0,0,,0,0,0,0,0,0,0,1,0,1
0.58,Belgium vs Iran,Belgium vs Iran,2026-06-21,Q1,Will Iran commit more fouls than Belgium?,team_more_fouls,Iran,nan,,58,56.0,Yes,0.38,live_lock_belgium_2026_06_21,1,Belgium,Iran,0.6824747721254838,0.11504668663232646,0.5674280854931574,0.11504668663232646,0,1,0,underdog,0.5287015465850637,0.4628576635921183,0.3749857019073003,0.11504668663232646,0,1,0,0,0,0,0,,1,0,0,0,0,0,0,0,0,1
0.56,Belgium vs Iran,Belgium vs Iran,2026-06-21,Q2,Will there be 2 or more total cards shown in the second half?,total_cards_2h_over,nan,nan,1.5,56,50.0,No,8.8,live_lock_belgium_2026_06_21,1,Belgium,Iran,0.6824747721254838,0.11504668663232646,0.5674280854931574,,0,0,1,neutral_or_unknown,0.5287015465850637,0.4628576635921183,0.3749857019073003,,0,0,1,0,1,0,1,1.5,0,1,0,0,0,0,0,0,0,1
0.38,Belgium vs Iran,Belgium vs Iran,2026-06-21,Q3,Will both teams score AND will the match have 3 or more total goals?,compound_btts_over_2_5,nan,nan,2.5,38,33.0,No,5.7,live_lock_belgium_2026_06_21,1,Belgium,Iran,0.6824747721254838,0.11504668663232646,0.5674280854931574,,0,0,1,neutral_or_unknown,0.5287015465850637,0.4628576635921183,0.3749857019073003,,0,0,1,1,0,0,1,2.5,0,0,0,0,0,1,0,0,0,1
0.66,Belgium vs Iran,Belgium vs Iran,2026-06-21,Q4,Will Belgium have more shots on target than Iran in the second half?,team_more_sot_2h,Belgium,nan,,66,56.0,Yes,-5.92,live_lock_belgium_2026_06_21,1,Belgium,Iran,0.6824747721254838,0.11504668663232646,0.5674280854931574,0.6824747721254838,1,0,0,favorite,0.5287015465850637,0.4628576635921183,0.3749857019073003,0.6824747721254838,0,1,0,0,1,0,0,,0,0,1,0,0,0,0,0,0,1
0.63,Belgium vs Iran,Belgium vs Iran,2026-06-21,Q5,Will there be 4 or more total shots on target in the second half?,total_sot_2h_over,nan,nan,3.5,63,58.0,Yes,-1.78,live_lock_belgium_2026_06_21,1,Belgium,Iran,0.6824747721254838,0.11504668663232646,0.5674280854931574,,0,0,1,neutral_or_unknown,0.5287015465850637,0.4628576635921183,0.3749857019073003,,0,0,1,0,1,0,1,3.5,0,0,1,0,0,0,0,0,0,1
0.69,Belgium vs Iran,Belgium vs Iran,2026-06-21,Q6,Will Belgium win the match?,team_win,Belgium,nan,,69,68.0,No,2.51,live_lock_belgium_2026_06_21,1,Belgium,Iran,0.6824747721254838,0.11504668663232646,0.5674280854931574,0.6824747721254838,1,0,0,favorite,0.5287015465850637,0.4628576635921183,0.3749857019073003,0.6824747721254838,0,1,0,0,0,0,0,,0,0,0,0,0,0,0,1,0,1
0.5,Belgium vs Iran,Belgium vs Iran,2026-06-21,Q7,Will Belgium be winning at halftime?,halftime_team_lead,Belgium,nan,,50,43.0,No,8.87,live_lock_belgium_2026_06_21,1,Belgium,Iran,0.6824747721254838,0.11504668663232646,0.5674280854931574,0.6824747721254838,1,0,0,favorite,0.5287015465850637,0.4628576635921183,0.3749857019073003,0.6824747721254838,0,1,0,0,0,1,0,,0,0,0,0,0,0,0,1,0,1
0.43,Belgium vs Iran,Belgium vs Iran,2026-06-21,Q8,Will Tielemans have 1 or more shots on target?,player_sot_over,Belgium,Tielemans,0.5,43,27.0,Yes,-18.18,live_lock_belgium_2026_06_21,1,Belgium,Iran,0.6824747721254838,0.11504668663232646,0.5674280854931574,0.6824747721254838,1,0,0,favorite,0.5287015465850637,0.4628576635921183,0.3749857019073003,0.6824747721254838,1,0,0,0,0,0,1,0.5,0,0,1,0,0,0,0,0,1,1
0.31,Belgium vs Iran,Belgium vs Iran,2026-06-21,Q9,"Will Taremi score or assist a goal, excluding own goals?",player_goal_or_assist,Iran,Taremi,,31,22.0,No,6.59,live_lock_belgium_2026_06_21,1,Belgium,Iran,0.6824747721254838,0.11504668663232646,0.5674280854931574,0.11504668663232646,0,1,0,underdog,0.5287015465850637,0.4628576635921183,0.3749857019073003,0.11504668663232646,1,0,0,0,0,0,0,,0,0,0,0,0,1,0,0,1,1
0.52,Belgium vs Iran,Belgium vs Iran,2026-06-21,Q10,Will there be 9 or more total corners?,total_corners_over,nan,nan,8.5,52,52.0,No,2.28,live_lock_belgium_2026_06_21,1,Belgium,Iran,0.6824747721254838,0.11504668663232646,0.5674280854931574,,0,0,1,neutral_or_unknown,0.5287015465850637,0.4628576635921183,0.3749857019073003,,0,0,1,0,0,0,1,8.5,0,0,0,1,0,0,0,0,0,1
0.52,Uruguay vs Cape Verde,Uruguay vs Cape Verde,2026-06-21,Q1,Will Uruguay be caught offside 2 or more times?,team_offsides_over,Uruguay,nan,1.5,52,48.0,Yes,-2.08,live_lock_uruguay_capeverde_2026_06_21,1,Uruguay,Cape Verde,0.6910350894092354,0.09893983871537997,0.5920952506938555,0.6910350894092354,1,0,0,favorite,0.447276308240102,0.37378390440469383,0.3975667367885149,0.6910350894092354,0,1,0,0,0,0,1,1.5,0,0,0,0,1,0,0,0,0,1
0.6,Uruguay vs Cape Verde,Uruguay vs Cape Verde,2026-06-21,Q2,Will both teams have at least 1 shot on target in the second half?,both_teams_sot_2h_1plus,nan,nan,,60,68.0,No,-7.22,live_lock_uruguay_capeverde_2026_06_21,1,Uruguay,Cape Verde,0.6910350894092354,0.09893983871537997,0.5920952506938555,,0,0,1,neutral_or_unknown,0.447276308240102,0.37378390440469383,0.3975667367885149,,0,0,1,0,1,0,1,,0,0,1,0,0,0,0,0,0,1
0.49,Uruguay vs Cape Verde,Uruguay vs Cape Verde,2026-06-21,Q3,Will Cape Verde receive more cards than Uruguay?,team_more_cards,Cape Verde,nan,,49,54.0,No,-3.24,live_lock_uruguay_capeverde_2026_06_21,1,Uruguay,Cape Verde,0.6910350894092354,0.09893983871537997,0.5920952506938555,0.09893983871537997,0,1,0,underdog,0.447276308240102,0.37378390440469383,0.3975667367885149,0.09893983871537997,0,1,0,0,0,0,0,,0,1,0,0,0,0,0,0,0,1
0.3,Uruguay vs Cape Verde,Uruguay vs Cape Verde,2026-06-21,Q4,Will a penalty kick be awarded in the match?,penalty_awarded,nan,nan,,30,31.0,No,1.17,live_lock_uruguay_capeverde_2026_06_21,1,Uruguay,Cape Verde,0.6910350894092354,0.09893983871537997,0.5920952506938555,,0,0,1,neutral_or_unknown,0.447276308240102,0.37378390440469383,0.3975667367885149,,0,0,1,0,0,0,0,,0,0,0,0,0,0,1,0,0,1
0.47,Uruguay vs Cape Verde,Uruguay vs Cape Verde,2026-06-21,Q5,Will Uruguay commit more fouls than Cape Verde?,team_more_fouls,Uruguay,nan,,47,42.0,Yes,-3.17,live_lock_uruguay_capeverde_2026_06_21,1,Uruguay,Cape Verde,0.6910350894092354,0.09893983871537997,0.5920952506938555,0.6910350894092354,1,0,0,favorite,0.447276308240102,0.37378390440469383,0.3975667367885149,0.6910350894092354,0,1,0,0,0,0,0,,1,0,0,0,0,0,0,0,0,1
0.35,Uruguay vs Cape Verde,Uruguay vs Cape Verde,2026-06-21,Q6,Will Cape Verde have 2 or more shots on target in the second half?,team_sot_2h_over,Cape Verde,nan,1.5,35,37.0,Yes,5.15,live_lock_uruguay_capeverde_2026_06_21,1,Uruguay,Cape Verde,0.6910350894092354,0.09893983871537997,0.5920952506938555,0.09893983871537997,0,1,0,underdog,0.447276308240102,0.37378390440469383,0.3975667367885149,0.09893983871537997,0,1,0,0,1,0,1,1.5,0,0,1,0,0,0,0,0,1,1
0.69,Uruguay vs Cape Verde,Uruguay vs Cape Verde,2026-06-21,Q7,Will Uruguay win the match?,team_win,Uruguay,nan,,69,69.0,No,1.81,live_lock_uruguay_capeverde_2026_06_21,1,Uruguay,Cape Verde,0.6910350894092354,0.09893983871537997,0.5920952506938555,0.6910350894092354,1,0,0,favorite,0.447276308240102,0.37378390440469383,0.3975667367885149,0.6910350894092354,0,1,0,0,0,0,0,,0,0,0,0,0,0,0,1,0,1
0.29,Uruguay vs Cape Verde,Uruguay vs Cape Verde,2026-06-21,Q8,Will Cape Verde score in the second half?,team_score_2h,Cape Verde,nan,,29,31.0,Yes,4.86,live_lock_uruguay_capeverde_2026_06_21,1,Uruguay,Cape Verde,0.6910350894092354,0.09893983871537997,0.5920952506938555,0.09893983871537997,0,1,0,underdog,0.447276308240102,0.37378390440469383,0.3975667367885149,0.09893983871537997,0,1,0,0,1,0,0,,0,0,0,0,0,1,0,0,1,1
0.38,Uruguay vs Cape Verde,Uruguay vs Cape Verde,2026-06-21,Q9,"Will Darwin Núñez score or assist a goal, excluding own goals?",player_goal_or_assist,Uruguay,Darwin Núñez,,38,40.0,No,2.09,live_lock_uruguay_capeverde_2026_06_21,1,Uruguay,Cape Verde,0.6910350894092354,0.09893983871537997,0.5920952506938555,0.6910350894092354,1,0,0,favorite,0.447276308240102,0.37378390440469383,0.3975667367885149,0.6910350894092354,1,0,0,0,0,0,0,,0,0,0,0,0,1,0,0,1,1
0.53,Uruguay vs Cape Verde,Uruguay vs Cape Verde,2026-06-21,Q10,Will Uruguay have 6 or more shots on target?,team_sot_over,Uruguay,nan,5.5,53,45.0,No,11.47,live_lock_uruguay_capeverde_2026_06_21,1,Uruguay,Cape Verde,0.6910350894092354,0.09893983871537997,0.5920952506938555,0.6910350894092354,1,0,0,favorite,0.447276308240102,0.37378390440469383,0.3975667367885149,0.6910350894092354,0,1,0,0,0,0,1,5.5,0,0,1,0,0,0,0,0,1,1
