leagueID,date,home,away,favorite_gap,fg_source,fg_books,home_1h_cornerKicks,home_1h_yellowCards,home_1h_offsides,home_1h_shots_onGoal,home_1h_fouls,home_1h_shots,home_1h_points,home_1h_possessionPercent,home_2h_cornerKicks,home_2h_yellowCards,home_2h_offsides,home_2h_shots_onGoal,home_2h_fouls,home_2h_shots,home_2h_points,home_2h_possessionPercent,home_game_cornerKicks,home_game_yellowCards,home_game_offsides,home_game_shots_onGoal,home_game_fouls,home_game_shots,home_game_points,home_game_possessionPercent,away_1h_cornerKicks,away_1h_yellowCards,away_1h_offsides,away_1h_shots_onGoal,away_1h_fouls,away_1h_shots,away_1h_points,away_1h_possessionPercent,away_2h_cornerKicks,away_2h_yellowCards,away_2h_offsides,away_2h_shots_onGoal,away_2h_fouls,away_2h_shots,away_2h_points,away_2h_possessionPercent,away_game_cornerKicks,away_game_yellowCards,away_game_offsides,away_game_shots_onGoal,away_game_fouls,away_game_shots,away_game_points,away_game_possessionPercent
INTERNATIONAL_SOCCER,2026-05-16,IRE,GRN,,none,0,,,,,,,0,,,,,,,,5,,,,,,,,5,,,,,,,,0,,,,,,,,0,,,,,,,,0,
INTERNATIONAL_SOCCER,2026-05-23,MEX,GHA,0.8131,sgo_fairodds,1,,,,,,,1,,,,,,,,1,,,,,,,,2,,,,,,,,0,,,,,,,,0,,,,,,,,0,
INTERNATIONAL_SOCCER,2026-05-26,MOR,BDI,,none,0,,,,,,,,,,,,,,,,,,,,,,,5,,,,,,,,,,,,,,,,,,,,,,,,0,
INTERNATIONAL_SOCCER,2026-05-26,NIG,ZIM,0.7891,sgo_fairodds,1,,,,,,,1,,,,,,,,1,,,,,,,,2,,,,,,,,0,,,,,,,,0,,,,,,,,0,
INTERNATIONAL_SOCCER,2026-05-27,JAM,IND,0.8194,sgo_fairodds,1,,,,,,,1,,,,,,,,1,,,,,,,,2,,,,,,,,0,,,,,,,,0,,,,,,,,0,
INTERNATIONAL_SOCCER,2026-05-28,EGY,RUS,0.6267,sgo_fairodds,1,,,,,,,0,,,,,,,,1,,,,,,,,1,,,,,,,,0,,,,,,,,0,,,,,,,,0,
INTERNATIONAL_SOCCER,2026-05-28,IRE,QAT,0.785,sgo_fairodds,1,,,,,,,1,,,,,,,,0,,,,,,,,1,,,,,,,,0,,,,,,,,0,,,,,,,,0,
INTERNATIONAL_SOCCER,2026-05-29,IRI,GAM,0.7085,sgo_fairodds,1,,,,,,,0,,,,,,,,3,,,,,,,,3,,,,,,,,1,,,,,,,,0,,,,,,,,1,
INTERNATIONAL_SOCCER,2026-05-29,AND,IRA,-0.405,sgo_fairodds,1,,,,,,,0,,,,,,,,0,,,,,,,,0,,,,,,,,1,,,,,,,,0,,,,,,,,1,
INTERNATIONAL_SOCCER,2026-05-29,RSA,NCA,0.3302,sgo_fairodds,1,,,,,,,0,,,,,,,,0,,,,,,,,0,,,,,,,,0,,,,,,,,0,,,,,,,,0,
INTERNATIONAL_SOCCER,2026-05-29,BIH,MAC,0.4794,sgo_fairodds,1,,,,,,,0,,,,,,,,,,,,,,,,0,,,,,,,,0,,,,,,,,,,,,,,,,0,
INTERNATIONAL_SOCCER,2026-05-30,SCO,CUR,0.7343,sgo_fairodds,1,,,,,,,1,,,,,,,,3,,,,,,,,4,,,,,,,,1,,,,,,,,0,,,,,,,,1,
INTERNATIONAL_SOCCER,2026-05-30,ZIM,IND,0.7399,sgo_fairodds,1,,,,,,,1,,,,,,,,0,,,,,,,,1,,,,,,,,0,,,,,,,,0,,,,,,,,0,
INTERNATIONAL_SOCCER,2026-05-31,ECU,KSA,0.7928,sgo_fairodds,1,,,,,,,1,,,,,,,,1,,,,,,,,2,,,,,,,,0,,,,,,,,1,,,,,,,,1,
INTERNATIONAL_SOCCER,2026-05-31,KOR,TTO,,none,0,,,,,,,2,,,,,,,,3,,,,,,,,5,,,,,,,,0,,,,,,,,0,,,,,,,,0,
INTERNATIONAL_SOCCER,2026-05-31,MEX,AUS,0.752,sgo_fairodds,1,,,,,,,1,,,,,,,,0,,,,,,,,1,,,,,,,,0,,,,,,,,0,,,,,,,,0,
INTERNATIONAL_SOCCER,2026-05-31,JPN,ISL,0.4821,sgo_fairodds,1,,,,,,,0,,,,,,,,1,,,,,,,,1,,,,,,,,0,,,,,,,,0,,,,,,,,0,
INTERNATIONAL_SOCCER,2026-05-31,SIN,MGL,,none,0,,,,,,,2,,,,,,,,2,,,,,,,,4,,,,,,,,0,,,,,,,,0,,,,,,,,0,
INTERNATIONAL_SOCCER,2026-05-31,SUI,JOR,0.8143,sgo_fairodds,1,,,,,,,3,,,,,,,,1,,,,,,,,4,,,,,,,,0,,,,,,,,1,,,,,,,,1,
INTERNATIONAL_SOCCER,2026-05-31,CZE,KOS,0.7963,sgo_fairodds,1,,,,,,,2,,,,,,,,0,,,,,,,,2,,,,,,,,0,,,,,,,,1,,,,,,,,1,
INTERNATIONAL_SOCCER,2026-05-31,CPV,SRB,0.6529,sgo_fairodds,1,,,,,,,1,,,,,,,,2,,,,,,,,3,,,,,,,,0,,,,,,,,0,,,,,,,,0,
INTERNATIONAL_SOCCER,2026-05-31,POL,UKR,-0.744,sgo_fairodds,1,,,,,,,0,,,,,,,,0,,,,,,,,0,,,,,,,,2,,,,,,,,0,,,,,,,,2,
INTERNATIONAL_SOCCER,2026-05-31,GER,FIN,0.8029,sgo_fairodds,1,,,,,,,1,,,,,,,,3,,,,,,,,4,,,,,,,,0,,,,,,,,0,,,,,,,,0,
INTERNATIONAL_SOCCER,2026-05-31,USA,SEN,0.4781,sgo_fairodds,1,,,,,,,2,,,,,,,,1,,,,,,,,3,,,,,,,,1,,,,,,,,1,,,,,,,,2,
INTERNATIONAL_SOCCER,2026-05-31,BRA,PAN,,none,0,,,,,,,2,,,,,,,,4,,,,,,,,6,,,,,,,,1,,,,,,,,1,,,,,,,,2,
INTERNATIONAL_SOCCER,2026-06-01,MDV,AFG,-0.1896,sgo_fairodds,1,,,,,,,0,,,,,,,,0,,,,,,,,0,,,,,,,,0,,,,,,,,1,,,,,,,,1,
INTERNATIONAL_SOCCER,2026-06-01,BUL,MNE,-0.708,sgo_fairodds,1,,,,,,,0,,,,,,,,0,,,,,,,,0,,,,,,,,0,,,,,,,,1,,,,,,,,1,
INTERNATIONAL_SOCCER,2026-06-01,SVK,MLT,0.3074,sgo_fairodds,1,,,,,,,1,,,,,,,,1,,,,,,,,2,,,,,,,,1,,,,,,,,0,,,,,,,,1,
INTERNATIONAL_SOCCER,2026-06-01,NOR,SWE,0.6715,sgo_fairodds,1,,,,,,,3,,,,,,,,0,,,,,,,,3,,,,,,,,0,,,,,,,,1,,,,,,,,1,
INTERNATIONAL_SOCCER,2026-06-01,TUR,MAC,0.813,sgo_fairodds,1,,,,,,,2,,,,,,,,,,,,,,,,4,,,,,,,,0,,,,,,,,,,,,,,,,0,
INTERNATIONAL_SOCCER,2026-06-01,AUT,TUN,0.7954,sgo_fairodds,1,,,,,,,0,,,,,,,,1,,,,,,,,1,,,,,,,,0,,,,,,,,0,,,,,,,,0,
INTERNATIONAL_SOCCER,2026-06-01,COL,CRC,,none,0,,,,,,,2,,,,,,,,1,,,,,,,,3,,,,,,,,1,,,,,,,,0,,,,,,,,1,
INTERNATIONAL_SOCCER,2026-06-01,COL,CRC,,none,0,,,,,,,2,,,,,,,,,,,,,,,,3,,,,,,,,1,,,,,,,,,,,,,,,,1,
INTERNATIONAL_SOCCER,2026-06-02,CAN,UZB,0.772,sgo_fairodds,1,,,,,,,0,,,,,,,,2,,,,,,,,2,,,,,,,,0,,,,,,,,0,,,,,,,,0,
INTERNATIONAL_SOCCER,2026-06-02,CRO,BEL,-0.5033,sgo_fairodds,1,,,,,,,0,,,,,,,,0,,,,,,,,0,,,,,,,,1,,,,,,,,1,,,,,,,,2,
INTERNATIONAL_SOCCER,2026-06-02,MOR,MAD,,none,0,,,,,,,2,,,,,,,,2,,,,,,,,4,,,,,,,,0,,,,,,,,0,,,,,,,,0,
INTERNATIONAL_SOCCER,2026-06-02,GEO,ROU,0.0104,sgo_fairodds,1,,,,,,,0,,,,,,,,1,,,,,,,,1,,,,,,,,0,,,,,,,,1,,,,,,,,1,
INTERNATIONAL_SOCCER,2026-06-02,WAL,GHA,-0.3278,sgo_fairodds,1,,,,,,,0,,,,,,,,1,,,,,,,,1,,,,,,,,0,,,,,,,,1,,,,,,,,1,
INTERNATIONAL_SOCCER,2026-06-03,HAI,NZL,0.4744,sgo_fairodds,1,,,,,,,1,,,,,,,,3,,,,,,,,4,,,,,,,,0,,,,,,,,0,,,,,,,,0,
INTERNATIONAL_SOCCER,2026-06-03,GIB,IVB,0.7705,sgo_fairodds,1,,,,,,,3,,,,,,,,1,,,,,,,,4,,,,,,,,0,,,,,,,,0,,,,,,,,0,
INTERNATIONAL_SOCCER,2026-06-03,ALB,ISR,-0.6707,sgo_fairodds,1,,,,,,,0,,,,,,,,0,,,,,,,,0,,,,,,,,0,,,,,,,,1,,,,,,,,1,
INTERNATIONAL_SOCCER,2026-06-03,DEN,DCO,0.0286,sgo_fairodds,1,,,,,,,0,,,,,,,,0,,,,,,,,0,,,,,,,,0,,,,,,,,0,,,,,,,,0,
INTERNATIONAL_SOCCER,2026-06-03,POL,NIG,-0.7025,sgo_fairodds,1,,,,,,,1,,,,,,,,1,,,,,,,,2,,,,,,,,1,,,,,,,,1,,,,,,,,2,
INTERNATIONAL_SOCCER,2026-06-03,NED,DZA,-0.3694,sgo_fairodds,1,,,,,,,0,,,,,,,,0,,,,,,,,0,,,,,,,,0,,,,,,,,1,,,,,,,,1,
INTERNATIONAL_SOCCER,2026-06-03,LUX,ITA,-0.7574,sgo_fairodds,1,,,,,,,0,,,,,,,,0,,,,,,,,0,,,,,,,,0,,,,,,,,1,,,,,,,,1,
INTERNATIONAL_SOCCER,2026-06-04,PAN,DOM,0.779,sgo_fairodds,1,,,,,,,2,,,,,,,,2,,,,,,,,4,,,,,,,,0,,,,,,,,2,,,,,,,,2,
INTERNATIONAL_SOCCER,2026-06-04,KOR,ESA,,none,0,,,,,,,0,,,,,,,,1,,,,,,,,1,,,,,,,,0,,,,,,,,0,,,,,,,,0,
INTERNATIONAL_SOCCER,2026-06-04,KOR,ESA,,none,0,,,,,,,0,,,,,,,,,,,,,,,,1,,,,,,,,0,,,,,,,,,,,,,,,,0,
INTERNATIONAL_SOCCER,2026-06-04,CAM,BHU,0.8015,sgo_fairodds,1,,,,,,,2,,,,,,,,2,,,,,,,,4,,,,,,,,0,,,,,,,,0,,,,,,,,0,
INTERNATIONAL_SOCCER,2026-06-04,LES,KEN,-0.3025,sgo_fairodds,1,,,,,,,0,,,,,,,,1,,,,,,,,1,,,,,,,,1,,,,,,,,0,,,,,,,,1,
INTERNATIONAL_SOCCER,2026-06-04,NIR,GUI,0.8116,sgo_fairodds,1,,,,,,,1,,,,,,,,0,,,,,,,,1,,,,,,,,0,,,,,,,,0,,,,,,,,0,
INTERNATIONAL_SOCCER,2026-06-04,SLO,CYP,-0.0231,sgo_fairodds,1,,,,,,,0,,,,,,,,1,,,,,,,,1,,,,,,,,1,,,,,,,,0,,,,,,,,1,
INTERNATIONAL_SOCCER,2026-06-04,IRI,MLI,0.2061,sgo_fairodds,1,,,,,,,1,,,,,,,,1,,,,,,,,2,,,,,,,,0,,,,,,,,0,,,,,,,,0,
INTERNATIONAL_SOCCER,2026-06-04,SWE,GRE,0.654,sgo_fairodds,1,,,,,,,0,,,,,,,,2,,,,,,,,2,,,,,,,,1,,,,,,,,1,,,,,,,,2,
INTERNATIONAL_SOCCER,2026-06-04,AND,LIE,0.5709,sgo_fairodds,1,,,,,,,0,,,,,,,,2,,,,,,,,2,,,,,,,,0,,,,,,,,0,,,,,,,,0,
INTERNATIONAL_SOCCER,2026-06-04,ESP,IRA,,none,0,,,,,,,1,,,,,,,,0,,,,,,,,1,,,,,,,,1,,,,,,,,0,,,,,,,,1,
INTERNATIONAL_SOCCER,2026-06-04,FRA,CIV,-0.3138,sgo_fairodds,1,,,,,,,1,,,,,,,,0,,,,,,,,1,,,,,,,,0,,,,,,,,2,,,,,,,,2,
INTERNATIONAL_SOCCER,2026-06-05,GUA,CZE,-0.7555,sgo_fairodds,1,,,,,,,1,,,,,,,,2,,,,,,,,3,,,,,,,,1,,,,,,,,0,,,,,,,,3,
INTERNATIONAL_SOCCER,2026-06-05,MEX,SRB,0.7787,sgo_fairodds,1,,,,,,,2,,,,,,,,3,,,,,,,,5,,,,,,,,1,,,,,,,,0,,,,,,,,1,
INTERNATIONAL_SOCCER,2026-06-05,SIN,CHN,-0.7382,sgo_fairodds,1,,,,,,,0,,,,,,,,1,,,,,,,,1,,,,,,,,2,,,,,,,,0,,,,,,,,2,
INTERNATIONAL_SOCCER,2026-06-05,HKG,MGL,,none,0,,,,,,,1,,,,,,,,1,,,,,,,,2,,,,,,,,0,,,,,,,,0,,,,,,,,0,
INTERNATIONAL_SOCCER,2026-06-05,THA,KUW,0.0397,sgo_fairodds,1,,,,,,,2,,,,,,,,0,,,,,,,,2,,,,,,,,0,,,,,,,,2,,,,,,,,2,
INTERNATIONAL_SOCCER,2026-06-05,INA,OMN,0.7865,sgo_fairodds,1,,,,,,,2,,,,,,,,1,,,,,,,,3,,,,,,,,0,,,,,,,,0,,,,,,,,0,
INTERNATIONAL_SOCCER,2026-06-05,TJK,IND,0.7222,sgo_fairodds,1,,,,,,,1,,,,,,,,2,,,,,,,,3,,,,,,,,0,,,,,,,,1,,,,,,,,1,
INTERNATIONAL_SOCCER,2026-06-05,GEO,BHR,0.7743,sgo_fairodds,1,,,,,,,0,,,,,,,,2,,,,,,,,2,,,,,,,,0,,,,,,,,0,,,,,,,,0,
INTERNATIONAL_SOCCER,2026-06-05,BLR,SYR,0.697,sgo_fairodds,1,,,,,,,2,,,,,,,,2,,,,,,,,4,,,,,,,,0,,,,,,,,1,,,,,,,,1,
INTERNATIONAL_SOCCER,2026-06-05,SVK,MNE,0.1245,sgo_fairodds,1,,,,,,,1,,,,,,,,1,,,,,,,,2,,,,,,,,1,,,,,,,,1,,,,,,,,2,
INTERNATIONAL_SOCCER,2026-06-05,SMR,BAN,0.1432,sgo_fairodds,1,,,,,,,1,,,,,,,,0,,,,,,,,1,,,,,,,,1,,,,,,,,1,,,,,,,,2,
INTERNATIONAL_SOCCER,2026-06-05,RUS,BUR,0.76,sgo_fairodds,1,,,,,,,2,,,,,,,,1,,,,,,,,3,,,,,,,,0,,,,,,,,0,,,,,,,,0,
INTERNATIONAL_SOCCER,2026-06-05,MDA,BUL,0.0136,sgo_fairodds,1,,,,,,,0,,,,,,,,2,,,,,,,,2,,,,,,,,1,,,,,,,,1,,,,,,,,2,
INTERNATIONAL_SOCCER,2026-06-05,HUN,FIN,0.7706,sgo_fairodds,1,,,,,,,2,,,,,,,,0,,,,,,,,2,,,,,,,,0,,,,,,,,1,,,,,,,,1,
INTERNATIONAL_SOCCER,2026-06-05,AZE,MLT,-0.7944,sgo_fairodds,1,,,,,,,0,,,,,,,,0,,,,,,,,0,,,,,,,,0,,,,,,,,2,,,,,,,,2,
INTERNATIONAL_SOCCER,2026-06-05,CAF,TOG,,none,0,,,,,,,1,,,,,,,,0,,,,,,,,1,,,,,,,,0,,,,,,,,1,,,,,,,,1,
INTERNATIONAL_SOCCER,2026-06-05,BEN,NIG,0.7104,sgo_fairodds,1,,,,,,,1,,,,,,,,0,,,,,,,,1,,,,,,,,0,,,,,,,,1,,,,,,,,1,
INTERNATIONAL_SOCCER,2026-06-05,ANG,MRT,0.4124,sgo_fairodds,1,,,,,,,0,,,,,,,,1,,,,,,,,1,,,,,,,,0,,,,,,,,1,,,,,,,,1,
INTERNATIONAL_SOCCER,2026-06-05,PAR,NCA,,none,0,,,,,,,2,,,,,,,,2,,,,,,,,4,,,,,,,,0,,,,,,,,0,,,,,,,,0,
INTERNATIONAL_SOCCER,2026-06-05,PUR,KSA,-0.7819,sgo_fairodds,1,,,,,,,0,,,,,,,,0,,,,,,,,0,,,,,,,,1,,,,,,,,2,,,,,,,,3,
INTERNATIONAL_SOCCER,2026-06-05,CAN,IRE,0.3141,sgo_fairodds,1,,,,,,,1,,,,,,,,0,,,,,,,,1,,,,,,,,0,,,,,,,,1,,,,,,,,1,
INTERNATIONAL_SOCCER,2026-06-06,HAI,PER,0.0025,sgo_fairodds,1,,,,,,,1,,,,,,,,0,,,,,,,,1,,,,,,,,0,,,,,,,,2,,,,,,,,2,
INTERNATIONAL_SOCCER,2026-06-06,VAN,FIJ,,none,0,,,,,,,0,,,,,,,,2,,,,,,,,2,,,,,,,,0,,,,,,,,1,,,,,,,,1,
INTERNATIONAL_SOCCER,2026-06-06,VAN,FIJ,,none,0,,,,,,,0,,,,,,,,,,,,,,,,2,,,,,,,,0,,,,,,,,,,,,,,,,1,
INTERNATIONAL_SOCCER,2026-06-06,BEL,TUN,0.7647,sgo_fairodds,1,,,,,,,1,,,,,,,,4,,,,,,,,5,,,,,,,,0,,,,,,,,0,,,,,,,,0,
INTERNATIONAL_SOCCER,2026-06-06,ARM,KAZ,0.225,sgo_fairodds,1,,,,,,,0,,,,,,,,1,,,,,,,,1,,,,,,,,0,,,,,,,,1,,,,,,,,1,
INTERNATIONAL_SOCCER,2026-06-06,KGZ,PSE,-0.062,sgo_fairodds,1,,,,,,,0,,,,,,,,0,,,,,,,,0,,,,,,,,0,,,,,,,,0,,,,,,,,0,
INTERNATIONAL_SOCCER,2026-06-06,ETH,MAW,0.2078,sgo_fairodds,1,,,,,,,1,,,,,,,,0,,,,,,,,1,,,,,,,,0,,,,,,,,0,,,,,,,,0,
INTERNATIONAL_SOCCER,2026-06-06,SLE,LBR,0.8091,sgo_fairodds,1,,,,,,,0,,,,,,,,1,,,,,,,,1,,,,,,,,0,,,,,,,,0,,,,,,,,0,
INTERNATIONAL_SOCCER,2026-06-06,IVB,BON,,none,0,,,,,,,,,,,,,,,,,,,,,,,2,,,,,,,,,,,,,,,,,,,,,,,,0,
INTERNATIONAL_SOCCER,2026-06-06,GIB,CAY,0.745,sgo_fairodds,1,,,,,,,1,,,,,,,,3,,,,,,,,4,,,,,,,,1,,,,,,,,0,,,,,,,,1,
INTERNATIONAL_SOCCER,2026-06-06,ROU,WAL,0.7483,sgo_fairodds,1,,,,,,,0,,,,,,,,2,,,,,,,,2,,,,,,,,0,,,,,,,,1,,,,,,,,1,
INTERNATIONAL_SOCCER,2026-06-06,POR,CHI,0.7324,sgo_fairodds,1,,,,,,,0,,,,,,,,2,,,,,,,,2,,,,,,,,0,,,,,,,,1,,,,,,,,1,
INTERNATIONAL_SOCCER,2026-06-06,ALB,LUX,-0.8098,sgo_fairodds,1,,,,,,,0,,,,,,,,0,,,,,,,,0,,,,,,,,1,,,,,,,,0,,,,,,,,1,
INTERNATIONAL_SOCCER,2026-06-06,USA,GER,-0.6946,sgo_fairodds,1,,,,,,,1,,,,,,,,0,,,,,,,,1,,,,,,,,1,,,,,,,,1,,,,,,,,2,
INTERNATIONAL_SOCCER,2026-06-06,AUS,SUI,-0.1345,sgo_fairodds,1,,,,,,,0,,,,,,,,1,,,,,,,,1,,,,,,,,1,,,,,,,,0,,,,,,,,1,
INTERNATIONAL_SOCCER,2026-06-06,PAN,BIH,-0.0924,sgo_fairodds,1,,,,,,,1,,,,,,,,0,,,,,,,,1,,,,,,,,1,,,,,,,,0,,,,,,,,1,
INTERNATIONAL_SOCCER,2026-06-06,ENG,NZL,0.8294,sgo_fairodds,1,,,,,,,1,,,,,,,,0,,,,,,,,1,,,,,,,,0,,,,,,,,0,,,,,,,,0,
INTERNATIONAL_SOCCER,2026-06-06,QAT,ESA,0.136,sgo_fairodds,1,,,,,,,0,,,,,,,,0,,,,,,,,0,,,,,,,,0,,,,,,,,0,,,,,,,,0,
INTERNATIONAL_SOCCER,2026-06-06,BOL,SCO,-0.7542,sgo_fairodds,1,,,,,,,0,,,,,,,,0,,,,,,,,0,,,,,,,,4,,,,,,,,0,,,,,,,,4,
INTERNATIONAL_SOCCER,2026-06-06,JAM,RSA,,none,0,,,,,,,0,,,,,,,,0,,,,,,,,0,,,,,,,,1,,,,,,,,0,,,,,,,,1,
INTERNATIONAL_SOCCER,2026-06-06,BRA,EGY,0.7554,sgo_fairodds,1,,,,,,,1,,,,,,,,1,,,,,,,,2,,,,,,,,1,,,,,,,,0,,,,,,,,1,
INTERNATIONAL_SOCCER,2026-06-06,TUR,VEN,0.7896,sgo_fairodds,1,,,,,,,1,,,,,,,,1,,,,,,,,2,,,,,,,,1,,,,,,,,0,,,,,,,,1,
INTERNATIONAL_SOCCER,2026-06-07,CUR,ARU,,none,0,,,,,,,1,,,,,,,,3,,,,,,,,4,,,,,,,,0,,,,,,,,0,,,,,,,,0,
INTERNATIONAL_SOCCER,2026-06-07,ARG,HON,0.824,sgo_fairodds,1,,,,,,,1,,,,,,,,1,,,,,,,,2,,,,,,,,0,,,,,,,,0,,,,,,,,0,
INTERNATIONAL_SOCCER,2026-06-07,OMN,MOZ,0.3831,sgo_fairodds,1,,,,,,,1,,,,,,,,3,,,,,,,,4,,,,,,,,0,,,,,,,,1,,,,,,,,1,
INTERNATIONAL_SOCCER,2026-06-07,LIE,CYP,-0.7945,sgo_fairodds,1,,,,,,,0,,,,,,,,0,,,,,,,,0,,,,,,,,1,,,,,,,,1,,,,,,,,2,
INTERNATIONAL_SOCCER,2026-06-07,KEN,LES,0.7871,sgo_fairodds,1,,,,,,,1,,,,,,,,3,,,,,,,,4,,,,,,,,0,,,,,,,,0,,,,,,,,0,
INTERNATIONAL_SOCCER,2026-06-07,OMN,MOZ,,none,0,,,,,,,1,,,,,,,,3,,,,,,,,4,,,,,,,,0,,,,,,,,1,,,,,,,,1,
INTERNATIONAL_SOCCER,2026-06-07,DEN,UKR,0.8185,sgo_fairodds,1,,,,,,,2,,,,,,,,0,,,,,,,,2,,,,,,,,1,,,,,,,,0,,,,,,,,1,
INTERNATIONAL_SOCCER,2026-06-07,KOS,AND,,none,0,,,,,,,1,,,,,,,,2,,,,,,,,3,,,,,,,,0,,,,,,,,0,,,,,,,,0,
INTERNATIONAL_SOCCER,2026-06-07,CRO,SLO,0.2294,sgo_fairodds,1,,,,,,,0,,,,,,,,2,,,,,,,,2,,,,,,,,0,,,,,,,,1,,,,,,,,1,
INTERNATIONAL_SOCCER,2026-06-07,MOR,NOR,-0.2286,sgo_fairodds,1,,,,,,,1,,,,,,,,0,,,,,,,,1,,,,,,,,0,,,,,,,,1,,,,,,,,1,
INTERNATIONAL_SOCCER,2026-06-07,GRE,ITA,-0.8143,sgo_fairodds,1,,,,,,,0,,,,,,,,0,,,,,,,,0,,,,,,,,1,,,,,,,,0,,,,,,,,1,
INTERNATIONAL_SOCCER,2026-06-07,ECU,GUA,,none,0,,,,,,,1,,,,,,,,2,,,,,,,,3,,,,,,,,0,,,,,,,,0,,,,,,,,0,
INTERNATIONAL_SOCCER,2026-06-07,JOR,COL,-0.7986,sgo_fairodds,1,,,,,,,0,,,,,,,,0,,,,,,,,0,,,,,,,,1,,,,,,,,1,,,,,,,,2,
INTERNATIONAL_SOCCER,2026-06-08,SRI,BHU,0.8044,sgo_fairodds,1,,,,,,,1,,,,,,,,3,,,,,,,,4,,,,,,,,0,,,,,,,,1,,,,,,,,1,
INTERNATIONAL_SOCCER,2026-06-08,NED,UZB,0.805,sgo_fairodds,1,,,,,,,1,,,,,,,,1,,,,,,,,2,,,,,,,,0,,,,,,,,1,,,,,,,,1,
INTERNATIONAL_SOCCER,2026-06-08,GEQ,COM,,none,0,,,,,,,0,,,,,,,,,,,,,,,,0,,,,,,,,0,,,,,,,,,,,,,,,,1,
INTERNATIONAL_SOCCER,2026-06-08,NIG,MRT,-0.0204,sgo_fairodds,1,,,,,,,0,,,,,,,,0,,,,,,,,0,,,,,,,,0,,,,,,,,1,,,,,,,,1,
INTERNATIONAL_SOCCER,2026-06-08,FRA,NIR,,none,0,,,,,,,1,,,,,,,,2,,,,,,,,3,,,,,,,,0,,,,,,,,1,,,,,,,,1,
INTERNATIONAL_SOCCER,2026-06-09,PER,ESP,-0.8224,sgo_fairodds,1,,,,,,,0,,,,,,,,1,,,,,,,,1,,,,,,,,2,,,,,,,,1,,,,,,,,3,
INTERNATIONAL_SOCCER,2026-06-09,VAN,FIJ,,none,0,,,,,,,1,,,,,,,,1,,,,,,,,2,,,,,,,,2,,,,,,,,0,,,,,,,,2,
INTERNATIONAL_SOCCER,2026-06-09,CHN,THA,0.3673,sgo_fairodds,1,,,,,,,0,,,,,,,,0,,,,,,,,0,,,,,,,,0,,,,,,,,0,,,,,,,,0,
INTERNATIONAL_SOCCER,2026-06-09,CAM,HKG,0.7675,sgo_fairodds,1,,,,,,,1,,,,,,,,1,,,,,,,,2,,,,,,,,0,,,,,,,,0,,,,,,,,0,
INTERNATIONAL_SOCCER,2026-06-09,INA,MOZ,0.8021,sgo_fairodds,1,,,,,,,1,,,,,,,,0,,,,,,,,1,,,,,,,,0,,,,,,,,0,,,,,,,,0,
INTERNATIONAL_SOCCER,2026-06-09,KGZ,PSE,-0.121,sgo_fairodds,1,,,,,,,0,,,,,,,,0,,,,,,,,0,,,,,,,,0,,,,,,,,0,,,,,,,,0,
INTERNATIONAL_SOCCER,2026-06-09,ETH,MAW,,none,0,,,,,,,1,,,,,,,,0,,,,,,,,1,,,,,,,,1,,,,,,,,0,,,,,,,,1,
INTERNATIONAL_SOCCER,2026-06-09,TJK,IND,0.3859,sgo_fairodds,1,,,,,,,0,,,,,,,,1,,,,,,,,1,,,,,,,,1,,,,,,,,0,,,,,,,,1,
INTERNATIONAL_SOCCER,2026-06-09,ARM,MDA,0.4742,sgo_fairodds,1,,,,,,,0,,,,,,,,1,,,,,,,,1,,,,,,,,0,,,,,,,,1,,,,,,,,1,
INTERNATIONAL_SOCCER,2026-06-09,DCO,CHI,-0.7907,sgo_fairodds,1,,,,,,,0,,,,,,,,1,,,,,,,,1,,,,,,,,0,,,,,,,,2,,,,,,,,2,
INTERNATIONAL_SOCCER,2026-06-09,BLR,BUR,-0.0462,sgo_fairodds,1,,,,,,,0,,,,,,,,2,,,,,,,,2,,,,,,,,0,,,,,,,,2,,,,,,,,2,
EPL,2026-04-18,BRE,FUL,0.2503,sgo_devig_ml,7,4,0,1,1,2,5,0,40,5,0,0,3,6,8,0,56,9,0,1,4,8,13,0,48,2,1,0,0,6,5,0,60,1,0,1,0,7,6,0,44,3,1,1,0,13,11,0,52
EPL,2026-04-18,LEE,WOL,0.6308,sgo_devig_ml,7,3,0,0,5,4,11,2,53,2,2,0,1,5,6,1,60,5,2,0,6,9,17,3,56,4,0,0,1,6,3,0,47,2,1,1,1,11,4,0,40,6,1,1,2,17,7,0,44
EPL,2026-04-18,NEW,BOU,-0.1478,sgo_devig_ml,7,1,0,1,1,3,5,0,53,1,2,1,2,8,7,1,54,2,2,1,3,11,12,1,54,2,0,1,2,5,8,1,47,1,4,0,1,7,4,1,46,3,4,1,3,12,12,2,46
EPL,2026-04-18,TOT,BHA,0.2062,sgo_devig_ml,6,5,1,1,2,9,7,1,46,2,2,1,4,5,6,1,39,7,3,2,6,14,13,2,42,3,1,0,2,10,3,1,54,2,0,0,1,4,7,1,61,5,1,0,3,14,10,2,58
EPL,2026-04-18,CHE,MUN,-0.6691,sgo_devig_ml,6,2,1,2,2,8,6,0,57,5,0,0,1,4,15,0,62,7,1,2,3,12,21,0,60,0,1,0,1,6,2,1,43,1,2,0,0,7,2,0,38,1,3,0,1,13,4,1,40
EPL,2026-04-19,NFO,BUR,0.508,sgo_devig_ml,6,2,0,1,1,5,3,0,52,2,0,1,4,3,7,4,51,4,0,2,4,8,10,4,51,1,0,0,2,6,2,1,48,3,2,0,1,6,2,0,49,4,2,0,3,12,4,1,49
EPL,2026-04-19,AVL,SUN,0.4845,sgo_devig_ml,6,2,0,0,2,4,5,2,55,2,1,0,5,7,10,2,45,4,1,0,7,11,15,4,50,4,0,3,2,5,4,1,45,1,3,0,5,6,6,2,55,5,3,3,7,11,10,3,50
EPL,2026-04-19,EVE,LIV,-0.1212,sgo_devig_ml,7,1,1,2,2,1,5,0,45,0,1,2,2,7,5,1,42,1,2,4,4,8,10,1,44,5,0,0,4,7,6,1,55,1,0,0,2,5,8,1,58,6,0,0,6,12,14,2,56
EPL,2026-04-19,MCI,ARS,0.6117,sgo_devig_ml,6,3,0,0,2,4,8,1,60,5,2,0,3,1,7,1,58,8,2,0,5,5,15,2,59,4,1,2,1,8,3,1,40,1,1,2,2,4,6,0,42,5,2,4,3,12,9,1,41
EPL,2026-04-20,CRY,WHU,0.1131,sgo_devig_ml,7,0,1,0,0,8,5,0,49,4,1,0,1,5,4,0,59,4,2,0,1,13,9,0,54,2,0,2,2,7,4,0,51,4,1,0,2,5,5,0,41,6,1,2,4,12,9,0,46
EPL,2026-04-21,BHA,CHE,0.5444,sgo_devig_ml,6,4,0,0,4,6,7,1,60,2,1,0,5,9,8,2,48,6,1,0,9,15,15,3,54,3,1,1,0,3,1,0,40,2,0,3,0,2,5,0,52,5,1,4,0,5,6,0,46
EPL,2026-04-22,BOU,LEE,0.3349,sgo_devig_ml,6,5,2,0,2,4,6,0,61,7,1,1,5,3,11,2,59,12,3,1,7,7,17,2,60,0,0,1,1,5,1,0,39,1,0,0,2,5,9,2,41,1,0,1,3,10,10,2,40
EPL,2026-04-22,BUR,MCI,-0.8465,sgo_devig_ml,7,1,,2,1,6,5,0,34,2,,2,0,4,4,0,35,3,,4,1,10,9,0,35,6,,1,6,5,13,1,66,5,,0,3,7,15,0,65,11,,1,9,12,28,1,65
EPL,2026-04-24,SUN,NFO,-0.4273,sgo_devig_ml,6,1,0,0,1,5,5,0,61,2,2,1,3,8,9,0,62,3,2,1,4,13,14,0,61,6,0,0,5,4,9,4,39,0,5,1,1,11,1,1,38,6,5,1,6,15,10,5,39
EPL,2026-04-25,FUL,AVL,0.5761,sgo_devig_ml,6,1,0,3,5,8,8,1,53,1,2,4,1,6,5,0,26,2,2,7,6,14,13,1,39,4,0,0,1,8,5,0,47,1,2,0,0,4,5,0,74,5,2,0,1,12,10,0,61
EPL,2026-04-25,WHU,EVE,0.0057,sgo_devig_ml,6,2,0,0,0,5,7,0,48,1,3,1,3,4,3,2,41,3,3,1,3,9,10,2,44,1,1,1,1,5,4,0,52,3,3,1,2,6,7,1,59,4,4,2,3,11,11,1,56
EPL,2026-04-25,WOL,TOT,-0.3937,sgo_devig_ml,7,3,1,1,0,4,2,0,31,2,2,0,2,4,9,0,57,5,3,1,2,8,11,0,41,3,0,0,0,3,5,0,69,2,4,2,2,11,6,1,43,5,4,2,2,14,11,1,59
EPL,2026-04-25,LIV,CRY,0.7255,sgo_devig_ml,7,3,0,1,2,6,7,2,57,2,1,0,1,4,2,1,49,5,1,1,3,10,9,3,53,6,2,3,4,3,8,0,43,2,1,1,3,7,6,1,51,8,3,4,7,10,14,1,47
EPL,2026-04-25,ARS,NEW,0.7503,sgo_devig_ml,7,3,0,0,2,4,3,1,51,4,2,2,2,9,8,0,39,7,2,2,4,13,11,1,45,1,0,0,2,5,9,0,49,1,2,1,1,5,4,0,61,2,2,1,3,10,13,0,55
EPL,2026-04-27,MUN,BRE,0.6044,sgo_devig_ml,7,5,1,1,5,2,8,2,46,2,1,0,1,4,3,0,43,7,2,1,6,6,11,2,45,5,1,1,2,3,6,0,54,3,3,1,2,6,6,1,57,8,4,2,4,9,12,1,55
EPL,2026-05-01,LEE,BUR,0.7291,sgo_devig_ml,7,2,2,0,2,4,9,1,61,3,2,0,6,8,9,2,34,5,4,0,8,12,18,3,48,0,2,0,0,7,2,0,39,0,1,1,3,4,7,1,66,0,3,1,3,11,9,1,52
EPL,2026-05-02,WOL,SUN,0.0455,sgo_devig_ml,6,4,0,0,3,6,8,0,51,2,0,1,4,5,12,1,64,6,0,1,7,11,20,1,58,2,1,0,2,6,4,1,49,1,3,0,1,5,6,0,36,3,4,0,2,11,10,1,42
EPL,2026-05-02,BRE,WHU,0.5782,sgo_devig_ml,7,0,0,0,3,5,7,1,45,2,1,0,3,3,7,2,52,2,1,0,6,8,14,3,48,5,0,1,4,4,9,0,55,1,3,0,0,8,4,0,48,6,3,1,4,12,13,0,52
EPL,2026-05-02,NEW,BHA,0.5721,sgo_devig_ml,6,2,0,1,5,5,8,2,31,0,3,0,1,5,5,1,35,2,3,1,6,10,13,3,33,4,2,0,1,6,5,0,69,6,1,1,3,6,8,1,65,10,3,1,4,12,13,1,67
EPL,2026-05-02,ARS,FUL,0.7391,sgo_devig_ml,7,2,0,3,6,1,14,3,62,1,0,4,3,6,4,0,45,3,0,7,9,7,18,3,54,1,1,0,0,7,2,0,38,3,0,0,1,5,8,0,55,4,1,0,1,12,10,0,46
EPL,2026-05-03,BOU,CRY,0.6861,sgo_devig_ml,7,7,0,1,4,5,10,2,51,0,0,2,1,5,6,1,48,7,0,3,5,10,16,3,49,0,2,0,0,5,0,0,49,1,0,0,1,6,7,0,52,1,2,0,1,11,7,0,51
EPL,2026-05-03,MUN,LIV,0.5443,sgo_devig_ml,6,2,0,3,3,4,8,2,38,1,2,0,3,8,10,1,37,3,2,3,6,12,18,3,38,0,0,3,1,7,4,0,62,2,2,0,4,4,9,2,63,2,2,3,5,11,13,2,62
EPL,2026-05-03,AVL,TOT,-0.5262,sgo_devig_ml,6,0,0,0,0,6,0,0,38,5,2,2,1,6,5,1,55,5,2,2,1,12,5,1,46,3,2,2,4,5,8,2,62,2,3,2,1,7,2,0,45,5,5,4,5,12,10,2,54
EPL,2026-05-04,CHE,NFO,-0.2862,sgo_devig_ml,7,4,1,0,3,6,9,0,68,6,2,1,2,6,12,1,67,10,3,1,5,12,21,1,68,1,1,0,3,5,4,2,32,0,0,2,1,5,2,1,33,1,1,2,4,10,6,3,32
EPL,2026-05-04,EVE,MCI,0.2098,sgo_devig_ml,7,2,1,3,0,6,3,0,24,3,3,1,6,9,11,3,26,5,4,4,6,15,14,3,25,6,0,0,2,2,12,1,76,3,1,0,2,3,9,2,74,9,1,0,4,5,21,3,75
EPL,2026-05-09,LIV,CHE,0.25,sgo_devig_ml,7,1,0,1,1,7,3,1,49,4,2,1,2,10,5,0,49,5,2,2,3,17,8,1,49,1,0,0,3,6,5,1,51,1,4,2,1,11,1,0,51,2,4,2,3,17,6,1,51
EPL,2026-05-09,FUL,BOU,-0.5944,sgo_devig_ml,6,4,0,1,1,7,7,0,59,7,4,0,1,5,7,0,62,11,4,1,2,12,14,0,60,2,0,2,0,8,3,0,41,0,2,1,5,13,7,1,38,2,2,3,5,21,10,1,40
EPL,2026-05-09,SUN,MUN,-0.245,sgo_devig_ml,7,4,0,1,3,8,10,0,52,2,0,0,1,4,5,0,49,6,0,1,4,12,15,0,51,4,0,0,0,5,4,0,48,3,3,0,1,6,7,0,51,7,3,0,1,11,11,0,49
EPL,2026-05-09,BHA,WOL,0.7614,sgo_devig_ml,6,3,1,0,3,4,7,2,75,4,0,1,3,5,6,1,69,7,1,1,6,9,13,3,72,0,0,1,0,5,0,0,25,1,2,2,1,6,5,0,31,1,2,3,1,11,5,0,28
EPL,2026-05-09,MCI,BRE,0.6943,sgo_devig_ml,7,6,1,0,4,4,15,0,69,4,3,0,6,4,10,3,50,10,4,0,10,8,25,3,59,0,0,1,0,4,1,0,31,2,2,1,2,10,3,0,50,2,2,2,2,14,4,0,41
EPL,2026-05-10,NFO,NEW,-0.1691,sgo_devig_ml,6,2,0,0,2,7,7,0,45,0,2,1,4,9,10,1,47,2,2,1,6,16,17,1,46,1,0,0,1,6,5,0,55,0,0,0,5,5,11,1,53,1,0,0,6,11,16,1,54
EPL,2026-05-10,BUR,AVL,-0.552,sgo_devig_ml,7,1,0,0,2,9,7,1,32,1,1,1,4,8,8,1,35,2,1,1,6,17,15,2,34,6,0,1,3,5,12,1,68,2,1,1,4,3,6,1,65,8,1,2,7,8,18,2,66
EPL,2026-05-10,CRY,EVE,-0.0975,sgo_devig_ml,6,3,0,0,3,2,9,1,50,2,0,1,5,3,12,1,67,5,0,1,8,5,21,2,59,6,2,1,2,9,7,1,50,4,0,1,4,4,6,1,33,10,2,2,6,13,13,2,41
EPL,2026-05-10,WHU,ARS,-0.5487,sgo_devig_ml,7,1,2,,1,7,3,0,34,3,1,,2,7,6,0,39,4,3,,3,14,9,0,36,2,0,,2,2,10,0,66,1,4,,2,10,5,1,61,3,4,,4,12,15,1,64
EPL,2026-05-11,TOT,LEE,0.3087,sgo_devig_ml,7,6,1,1,2,2,10,0,62,8,2,0,1,10,6,1,53,14,3,1,3,12,16,1,57,1,0,2,1,4,3,0,38,1,1,1,3,3,8,1,47,2,1,3,4,7,11,1,43
EPL,2026-05-13,MCI,CRY,0.7728,sgo_devig_ml,6,6,0,0,3,5,10,2,75,3,0,0,1,5,5,1,70,9,0,0,4,10,15,3,72,2,0,4,1,4,3,0,25,2,2,0,1,3,3,0,30,4,2,4,2,7,6,0,28
EPL,2026-05-15,AVL,LIV,0.3218,sgo_devig_ml,6,1,2,1,2,7,4,1,44,3,1,1,7,5,10,3,46,4,3,2,9,12,14,4,45,3,0,2,2,3,5,0,56,6,1,1,3,6,11,2,54,9,1,3,5,9,16,2,55
EPL,2026-05-17,MUN,NFO,0.6513,sgo_devig_ml,6,2,0,0,2,5,10,1,51,5,2,0,6,6,19,2,45,7,2,0,8,11,29,3,49,4,0,0,1,3,4,0,49,2,1,1,3,2,7,2,55,6,1,1,4,5,11,2,51
EPL,2026-05-17,WOL,FUL,-0.3381,sgo_devig_ml,5,1,0,1,2,6,5,1,29,2,1,0,1,14,6,0,33,3,1,1,3,20,11,1,31,4,0,0,3,4,7,1,71,2,0,2,2,4,6,0,67,6,0,2,5,8,13,1,69
EPL,2026-05-17,LEE,BHA,-0.2896,sgo_devig_ml,6,5,0,2,0,4,2,0,36,2,1,1,1,5,5,1,32,7,1,3,1,9,7,1,34,3,0,2,3,4,6,0,64,5,0,0,5,3,13,0,68,8,0,2,8,7,19,0,66
EPL,2026-05-17,EVE,SUN,0.0751,sgo_devig_ml,5,2,1,0,3,5,5,1,39,1,2,0,1,9,5,0,60,3,3,0,4,14,10,1,49,0,0,0,0,4,4,0,61,2,0,1,3,5,3,3,40,2,0,1,3,9,7,3,51
EPL,2026-05-17,BRE,CRY,0.336,sgo_devig_ml,5,5,0,2,1,4,3,1,54,4,1,0,2,3,11,1,63,9,1,2,3,7,14,2,58,4,0,0,4,1,13,1,46,0,3,1,1,4,3,1,37,4,3,1,5,5,16,2,42
EPL,2026-05-17,NEW,WHU,0.5355,sgo_devig_ml,6,6,0,0,3,4,5,2,57,3,1,2,4,4,10,1,54,9,1,2,7,8,15,3,56,1,0,1,2,3,4,0,43,0,3,1,6,8,11,1,46,1,3,2,8,11,15,1,44
EPL,2026-05-18,ARS,BUR,0.8672,sgo_devig_ml,5,3,0,0,2,1,9,1,72,0,1,1,1,6,4,0,48,3,1,1,3,7,13,1,61,3,1,0,0,7,3,0,28,0,2,0,0,9,2,0,52,3,3,0,0,16,5,0,39
EPL,2026-05-19,BOU,MCI,0.0112,sgo_devig_ml,6,1,1,1,1,6,2,1,43,6,3,1,1,10,8,0,48,7,4,2,2,16,10,1,45,2,0,1,3,4,5,0,57,4,2,1,2,3,9,1,52,6,2,2,5,7,14,1,55
EPL,2026-05-19,CHE,TOT,,none,0,,,,,,,1,,,,,,,,,,3,4,1,4,11,9,2,44,,,,,,,0,,,,,,,,,,4,3,1,3,18,9,1,56
EPL,2026-05-19,CHE,TOT,,none,0,2,0,1,2,3,5,1,49,1,4,0,2,8,4,1,39,3,4,1,4,11,9,2,44,2,2,1,0,9,2,0,51,2,1,1,3,9,7,1,61,4,3,1,3,18,9,1,56
EPL,2026-05-24,NFO,BOU,-0.2535,sgo_devig_ml,5,3,0,1,4,4,10,1,52,3,1,2,1,7,5,0,39,6,1,3,5,11,15,1,45,1,1,1,0,4,9,0,48,2,0,0,4,3,8,1,61,3,1,1,4,7,17,1,55
EPL,2026-05-24,WHU,LEE,0.6747,sgo_devig_ml,5,2,0,0,4,4,7,0,50,4,0,0,5,7,9,3,34,6,0,0,9,11,16,3,42,1,2,1,1,10,6,0,50,3,1,0,2,4,7,0,66,4,3,1,3,14,13,0,58
EPL,2026-05-24,SUN,CHE,0.3682,sgo_devig_ml,5,4,1,0,3,10,10,1,48,2,4,2,3,5,11,1,42,6,5,2,6,15,21,2,45,0,0,0,1,3,4,0,52,2,5,1,2,9,4,1,58,2,5,1,3,12,8,1,55
EPL,2026-05-24,BHA,MUN,-0.3751,sgo_devig_ml,5,0,0,0,0,8,4,0,53,0,0,1,2,3,9,0,49,0,0,1,2,11,13,0,51,1,1,0,2,2,3,2,47,2,0,0,5,6,8,1,51,3,1,0,7,8,11,3,49
EPL,2026-05-24,FUL,NEW,0.5033,sgo_devig_ml,5,3,0,0,3,3,9,1,48,3,2,1,3,10,12,1,43,6,2,1,6,13,21,2,46,2,0,1,2,5,2,0,52,4,2,0,0,1,5,0,57,6,2,1,2,6,7,0,54
EPL,2026-05-24,LIV,BRE,0.388,sgo_devig_ml,5,8,0,0,3,3,13,0,61,6,2,1,5,6,11,1,59,14,2,1,8,9,24,1,60,1,0,0,1,2,2,0,39,1,3,0,1,7,9,1,41,2,3,0,2,9,11,1,40
EPL,2026-05-24,CRY,ARS,-0.7407,sgo_devig_ml,5,1,0,0,1,4,1,0,37,2,0,1,2,5,7,1,42,3,0,1,3,9,8,1,39,0,0,0,4,5,9,1,63,4,1,0,3,7,8,1,58,4,1,0,7,12,17,2,61
EPL,2026-05-24,BUR,WOL,0.065,sgo_devig_ml,5,3,1,0,2,6,5,0,72,4,1,0,6,4,11,1,68,7,2,0,8,10,16,1,70,6,1,0,3,8,8,1,28,1,1,3,1,3,8,0,32,7,2,3,4,11,16,1,30
EPL,2026-05-24,MCI,AVL,-0.2613,sgo_devig_ml,5,7,0,0,3,1,12,1,57,2,1,1,1,7,4,0,46,9,1,1,3,8,16,1,52,0,0,0,0,4,0,0,43,4,0,1,5,0,12,2,54,4,0,1,5,4,12,2,48
EPL,2026-05-24,TOT,EVE,0.5377,sgo_devig_ml,6,4,0,,1,7,14,1,66,3,3,,1,8,6,0,36,7,3,,2,15,20,1,50,2,1,,0,9,5,0,34,5,1,,1,9,5,0,64,7,2,,1,18,10,0,50
UEFA_CHAMPIONS_LEAGUE,2026-04-15,ARS,SCP,0.5169,sgo_devig_ml,3,3,0,0,1,3,8,0,56,5,0,0,0,4,7,0,44,8,0,0,1,7,15,0,50,1,0,1,0,6,3,0,44,2,1,0,1,5,5,0,56,3,1,1,1,11,8,0,50
UEFA_CHAMPIONS_LEAGUE,2026-04-15,FCB,RMA,0.3284,sgo_devig_ml,3,7,1,1,5,4,10,2,66,2,0,1,4,6,11,2,71,9,1,2,9,10,21,4,69,0,1,1,3,2,5,3,34,2,3,0,2,10,7,0,29,2,4,1,5,12,12,3,31
UEFA_CHAMPIONS_LEAGUE,2026-04-28,PSG,FCB,0.8366,sgo_devig_ml,3,2,1,2,3,,9,3,49,0,2,0,2,,3,2,35,2,3,2,5,12,12,5,43,1,0,1,3,,3,2,51,4,0,1,5,,7,2,65,5,0,1,8,10,10,4,57
UEFA_CHAMPIONS_LEAGUE,2026-04-29,ATM,ARS,-0.0546,sgo_devig_ml,3,1,0,0,1,3,5,0,48,5,1,0,3,4,13,1,55,6,1,0,4,7,18,1,52,1,0,1,1,3,6,1,52,0,0,0,1,8,5,0,45,1,0,1,2,11,11,1,48
UEFA_CHAMPIONS_LEAGUE,2026-05-05,ARS,ATM,0.8505,sgo_devig_ml,3,3,0,0,2,5,7,1,68,2,1,1,0,5,6,0,36,5,1,1,2,10,13,1,53,0,0,2,0,4,2,0,32,2,2,0,2,9,7,0,64,2,2,2,2,13,9,0,47
UEFA_CHAMPIONS_LEAGUE,2026-05-06,FCB,PSG,-0.5486,sgo_devig_ml,3,0,1,1,1,6,9,0,58,1,2,0,5,5,9,1,73,1,3,1,6,11,18,1,66,4,2,0,3,5,6,1,42,4,1,0,4,7,9,0,27,8,3,0,7,12,15,1,34
UEFA_CHAMPIONS_LEAGUE,2026-05-30,PSG,ARS,0.1876,sgo_devig_ml,3,4,0,0,1,4,6,0,77,6,1,0,2,5,12,1,74,11,2,0,4,11,21,5,75,0,0,1,1,4,3,1,23,0,2,2,0,8,1,0,26,3,4,3,1,17,7,4,25
BUNDESLIGA,2026-04-17,STP,KOE,-0.0699,sgo_devig_ml,5,3,0,1,3,2,6,0,57,5,4,2,3,4,7,1,39,8,4,3,6,6,13,1,49,2,0,0,0,2,6,0,43,3,1,1,1,0,4,1,61,5,1,1,1,2,10,1,51
BUNDESLIGA,2026-04-18,FCU,WOB,-0.3278,sgo_devig_ml,5,3,0,0,2,4,8,0,44,8,1,0,5,9,17,1,66,11,1,0,7,13,25,1,54,4,0,0,3,6,3,1,56,0,1,1,1,9,2,1,34,4,1,1,4,15,5,2,46
BUNDESLIGA,2026-04-18,SVW,HSV,0.6281,sgo_devig_ml,5,2,1,1,4,8,6,1,61,5,3,0,6,6,12,2,53,7,4,1,10,14,18,3,57,0,1,1,2,6,5,1,39,3,2,0,1,8,6,0,47,3,3,1,3,14,11,1,43
BUNDESLIGA,2026-04-18,B04,FCA,0.6273,sgo_devig_ml,5,5,0,1,6,1,14,1,66,6,2,0,4,4,21,0,76,11,2,1,10,5,35,1,71,3,0,0,1,4,7,1,34,1,1,0,4,4,4,1,24,4,1,0,5,8,11,2,29
BUNDESLIGA,2026-04-18,TSG,BVB,-0.0571,sgo_devig_ml,5,2,1,4,2,8,10,1,57,2,1,2,2,6,3,1,35,4,2,6,4,14,13,2,46,1,0,1,1,6,2,0,43,2,3,2,2,5,6,1,65,3,3,3,3,11,8,1,54
BUNDESLIGA,2026-04-18,SGE,RBL,-0.5599,sgo_devig_ml,5,1,0,3,3,3,5,1,54,3,0,0,2,4,10,0,48,4,0,3,5,7,15,1,51,2,1,0,2,4,9,1,46,4,0,0,6,3,10,2,52,6,1,0,8,7,19,3,49
BUNDESLIGA,2026-04-19,SCF,SCH,0.372,sgo_devig_ml,5,4,0,0,2,5,10,1,51,1,1,1,2,5,7,1,41,5,1,1,4,10,17,2,46,1,0,1,1,4,4,0,49,3,0,0,1,5,9,1,59,4,0,1,2,9,13,1,54
BUNDESLIGA,2026-04-19,FCB,VFB,0.7589,sgo_devig_ml,5,4,,4,4,4,14,3,57,7,,2,5,2,14,1,74,11,,6,9,6,28,4,66,3,,1,3,0,5,1,43,0,,0,4,3,6,1,26,3,,1,7,3,11,2,34
BUNDESLIGA,2026-04-19,BMG,M05,0.6267,sgo_devig_ml,5,0,0,0,2,5,6,1,49,0,5,0,2,7,3,0,27,0,5,0,4,12,9,1,38,3,2,1,3,5,9,0,51,3,0,1,4,3,8,1,73,6,2,2,7,8,17,1,62
BUNDESLIGA,2026-04-24,RBL,FCU,0.7239,sgo_devig_ml,5,5,1,0,6,3,9,2,68,5,0,1,4,3,11,1,67,10,1,1,10,6,20,3,67,1,0,1,0,7,0,0,32,3,1,2,1,3,4,1,33,4,1,3,1,10,4,1,33
BUNDESLIGA,2026-04-25,WOB,BMG,0.0769,sgo_devig_ml,5,3,0,1,2,6,4,0,39,5,1,0,2,5,8,0,48,8,1,1,4,11,12,0,44,5,0,2,2,2,8,0,61,0,3,2,0,3,2,0,52,5,3,4,2,5,10,0,56
BUNDESLIGA,2026-04-25,FCA,SGE,-0.0141,sgo_devig_ml,5,5,0,1,1,5,7,1,40,4,1,0,2,6,10,0,39,9,1,1,3,11,17,1,40,1,1,0,2,5,7,0,60,6,1,1,5,8,13,1,61,7,2,1,7,13,20,1,60
BUNDESLIGA,2026-04-25,KOE,B04,-0.5899,sgo_devig_ml,5,0,1,1,4,6,8,0,36,2,0,0,6,5,17,1,51,2,1,1,10,11,25,1,44,5,1,1,2,3,6,1,64,0,1,1,1,2,2,1,49,5,2,2,3,5,8,2,56
BUNDESLIGA,2026-04-25,M05,FCB,-0.5022,sgo_devig_ml,5,2,1,0,7,5,11,3,28,2,0,1,1,9,10,0,33,4,1,1,8,14,21,3,30,2,1,0,0,7,2,0,72,2,1,0,6,3,9,4,67,4,2,0,6,10,11,4,70
BUNDESLIGA,2026-04-25,SCH,STP,0.6914,sgo_devig_ml,5,1,0,0,2,6,5,1,45,5,0,1,3,1,7,1,45,6,0,1,5,7,12,2,45,3,0,1,1,2,7,0,55,3,1,2,1,4,4,0,55,6,1,3,2,6,11,0,55
BUNDESLIGA,2026-04-25,HSV,TSG,-0.6496,sgo_devig_ml,5,1,0,0,3,5,5,1,37,3,2,1,1,6,7,0,46,4,2,1,4,11,12,1,41,2,2,1,4,7,8,2,63,7,2,0,2,11,7,0,54,9,4,1,6,18,15,2,59
BUNDESLIGA,2026-04-26,VFB,SVW,0.4874,sgo_devig_ml,5,6,0,0,2,1,10,0,65,8,0,0,2,7,10,1,73,14,0,0,4,8,20,1,68,2,0,0,2,4,7,1,35,0,1,1,1,6,2,0,27,2,1,1,3,10,9,1,32
BUNDESLIGA,2026-04-26,BVB,SCF,0.7945,sgo_devig_ml,5,4,0,0,3,11,12,3,67,1,1,0,2,8,5,1,55,5,1,0,5,19,17,4,61,0,0,1,1,6,3,0,33,0,0,1,3,4,4,0,45,0,0,2,4,10,7,0,39
BUNDESLIGA,2026-05-02,FCU,KOE,0.005,sgo_devig_ml,5,0,1,0,0,5,7,0,52,2,1,0,2,2,6,2,66,2,2,0,2,7,13,2,58,4,1,1,2,2,4,1,48,1,2,1,2,8,4,1,34,5,3,2,4,10,8,2,42
BUNDESLIGA,2026-05-02,SVW,FCA,-0.3335,sgo_devig_ml,5,6,0,2,0,4,3,0,66,2,1,2,4,7,12,1,70,8,1,4,4,11,15,1,68,0,1,0,3,2,7,2,34,2,0,1,4,2,7,1,30,2,1,1,7,4,14,3,32
BUNDESLIGA,2026-05-02,FCB,SCH,-0.1893,sgo_devig_ml,5,2,1,2,2,3,8,1,70,11,2,0,5,3,15,2,81,13,3,2,7,6,23,3,75,3,1,1,2,3,6,2,30,2,1,1,3,4,6,1,19,5,2,2,5,7,12,3,25
BUNDESLIGA,2026-05-02,TSG,VFB,0.4579,sgo_devig_ml,5,1,0,1,2,11,11,2,49,3,3,1,7,7,11,1,44,4,3,2,9,18,22,3,46,0,0,2,2,6,4,1,51,5,1,1,3,3,10,2,56,5,1,3,5,9,14,3,54
BUNDESLIGA,2026-05-02,SGE,HSV,-0.3331,sgo_devig_ml,5,4,0,0,3,6,4,0,60,5,6,0,2,7,4,1,69,9,6,0,5,13,8,1,64,2,0,2,1,2,5,0,40,2,1,0,3,3,4,2,31,4,1,2,4,5,9,2,36
BUNDESLIGA,2026-05-02,B04,RBL,0.5207,sgo_devig_ml,5,5,0,,4,2,14,2,63,2,1,,4,5,9,2,46,7,1,1,8,7,23,4,55,0,1,,3,6,7,0,37,3,2,,2,6,7,1,54,3,3,0,5,12,14,1,45
BUNDESLIGA,2026-05-03,STP,M05,-0.5507,sgo_devig_ml,5,3,0,0,0,1,4,0,48,4,3,1,3,9,6,1,58,7,3,1,3,10,10,1,52,5,0,2,3,5,9,2,52,2,1,2,3,3,8,0,42,7,1,4,6,8,17,2,48
BUNDESLIGA,2026-05-03,BMG,BVB,-0.1893,sgo_devig_ml,5,1,0,1,2,6,6,0,54,0,3,1,2,8,6,1,47,1,3,1,4,14,12,1,51,1,0,0,1,8,1,0,46,0,1,0,0,9,5,0,53,1,1,0,1,17,6,0,49
BUNDESLIGA,2026-05-03,SCF,WOB,0.1714,sgo_devig_ml,5,0,0,2,1,3,5,0,64,1,1,0,2,2,6,1,62,1,1,2,3,5,11,1,63,0,0,1,1,7,5,0,36,7,1,0,3,4,8,1,38,7,1,1,4,11,13,1,37
BUNDESLIGA,2026-05-08,BVB,SGE,0.5819,sgo_devig_ml,5,1,1,0,5,8,8,2,54,5,2,0,3,6,5,1,58,6,3,0,8,14,13,3,56,0,0,0,1,3,4,1,46,2,0,5,3,5,5,1,42,2,0,5,4,8,9,2,44
BUNDESLIGA,2026-05-09,FCA,BMG,0.5484,sgo_devig_ml,5,2,0,1,6,4,10,2,38,1,2,2,4,7,5,1,38,3,2,3,10,11,15,3,38,0,1,2,1,5,3,0,62,2,1,1,3,4,13,1,62,2,2,3,4,9,16,1,62
BUNDESLIGA,2026-05-09,TSG,SVW,0.7333,sgo_devig_ml,5,6,0,,3,1,9,1,71,2,1,,1,3,6,0,74,8,1,,4,4,15,1,72,1,1,,1,1,5,0,29,2,1,,1,2,6,0,26,3,2,,2,3,11,0,28
BUNDESLIGA,2026-05-09,RBL,STP,0.7131,sgo_devig_ml,5,1,1,1,2,2,8,1,68,2,1,1,3,3,5,1,72,3,2,2,5,5,13,2,70,2,0,0,0,3,4,0,32,3,0,0,3,6,3,1,28,5,0,0,3,9,7,1,30
BUNDESLIGA,2026-05-09,VFB,B04,0.5466,sgo_devig_ml,5,4,0,1,6,5,14,2,57,3,2,2,3,8,6,1,41,7,2,3,9,13,20,3,49,3,0,0,3,6,4,1,43,3,1,0,2,2,2,0,59,6,1,0,5,8,6,1,51
BUNDESLIGA,2026-05-09,WOB,FCB,-0.6291,sgo_devig_ml,5,4,0,2,5,6,15,0,31,2,1,0,0,2,2,0,32,6,1,2,5,8,17,0,31,2,0,2,1,3,5,0,69,1,0,2,8,2,11,1,68,3,0,4,9,5,16,1,69
BUNDESLIGA,2026-05-10,HSV,SCF,0.2675,sgo_devig_ml,5,0,0,0,2,6,7,1,48,2,2,1,3,9,7,2,44,2,2,1,5,15,14,3,47,2,1,0,1,6,3,1,52,2,1,1,2,2,2,1,56,4,2,1,3,8,5,2,53
BUNDESLIGA,2026-05-10,KOE,SCH,-0.6265,sgo_devig_ml,5,1,0,0,2,2,8,1,64,5,2,0,5,7,10,0,69,6,2,0,7,9,18,1,66,3,2,2,3,6,7,2,36,1,0,1,2,2,4,1,31,4,2,3,5,8,11,3,34
BUNDESLIGA,2026-05-10,M05,FCU,0.0983,sgo_devig_ml,5,4,1,1,1,6,4,0,51,3,1,1,2,5,10,1,55,7,2,2,3,11,14,1,53,6,0,0,5,4,9,1,49,2,1,0,4,6,7,2,45,8,1,0,9,10,16,3,47
BUNDESLIGA,2026-05-16,SCF,RBL,0.4314,sgo_devig_ml,5,0,0,1,2,7,6,2,44,1,0,0,3,6,5,2,39,1,0,1,5,13,11,4,42,0,0,0,5,4,7,1,56,2,1,1,1,3,7,0,61,2,1,1,6,7,14,1,58
BUNDESLIGA,2026-05-16,STP,WOB,-0.5136,sgo_devig_ml,5,4,0,0,1,1,5,0,43,4,2,2,1,5,6,1,46,8,2,2,2,6,11,1,44,4,2,0,6,6,9,1,57,5,1,1,4,3,10,2,54,9,3,1,10,9,19,3,56
BUNDESLIGA,2026-05-16,B04,HSV,0.6163,sgo_devig_ml,5,3,0,1,4,3,9,0,60,5,1,2,5,5,17,1,60,8,1,3,9,8,26,1,60,2,1,0,2,4,11,0,40,1,1,0,4,7,8,1,40,3,2,0,6,11,19,1,40
BUNDESLIGA,2026-05-16,FCB,KOE,0.8147,sgo_devig_ml,5,2,1,2,5,4,10,3,73,3,0,3,2,2,9,2,63,5,1,5,7,6,19,5,69,2,1,0,1,3,4,1,27,3,0,1,1,1,5,0,37,5,1,1,2,4,9,1,31
BUNDESLIGA,2026-05-16,SCH,M05,-0.409,sgo_devig_ml,5,2,0,2,1,4,6,0,45,4,1,1,4,4,9,0,63,6,1,3,5,8,15,0,54,2,0,1,3,4,6,2,55,1,1,0,6,8,9,0,37,3,1,1,9,12,15,2,46
BUNDESLIGA,2026-05-16,SVW,BVB,-0.6162,sgo_devig_ml,5,1,,1,1,3,5,0,49,3,,3,2,5,4,0,54,4,,4,3,8,9,0,51,4,,0,4,2,8,0,51,1,,0,5,3,9,2,46,5,,0,9,5,17,2,49
BUNDESLIGA,2026-05-16,FCU,FCA,0.4599,sgo_devig_ml,5,1,2,0,4,2,6,2,53,3,1,2,5,4,11,2,44,4,3,2,9,6,17,4,49,2,0,1,0,5,2,0,47,7,1,2,1,2,9,0,56,9,1,3,1,7,11,0,51
BUNDESLIGA,2026-05-16,SGE,VFB,-0.3689,sgo_devig_ml,5,4,0,1,3,6,5,0,51,2,2,1,4,8,11,2,62,6,2,2,7,14,16,2,57,5,1,1,4,5,8,2,49,1,2,0,3,7,5,0,38,6,3,1,7,12,13,2,43
BUNDESLIGA,2026-05-16,BMG,TSG,0.3163,sgo_devig_ml,5,2,2,1,4,5,7,2,41,0,2,1,2,6,3,2,47,2,4,2,6,11,10,4,44,3,2,0,1,9,5,0,59,6,4,1,2,6,6,0,53,9,6,1,3,15,11,0,56
LA_LIGA,2026-04-21,MLL,VAL,0.0044,sgo_devig_ml,5,2,0,1,2,4,7,0,65,5,0,3,6,5,13,1,53,7,0,4,8,9,20,1,59,2,1,1,0,4,2,0,35,2,1,1,3,8,8,1,47,4,2,2,3,12,10,1,41
LA_LIGA,2026-04-21,ATH,OSA,0.446,sgo_fairodds,1,3,1,,2,5,6,1,38,2,2,,1,7,1,0,32,5,3,,3,12,7,1,36,0,0,,0,4,0,0,62,4,2,,3,7,8,0,68,4,2,,3,11,8,0,64
LA_LIGA,2026-04-21,RMA,ALA,0.7902,sgo_devig_ml,4,5,1,2,3,5,13,1,66,4,0,2,5,9,11,1,56,9,1,4,8,14,24,2,61,2,0,0,2,8,6,0,34,4,1,1,3,4,13,1,44,6,1,1,5,12,19,1,39
LA_LIGA,2026-04-21,GIR,BET,-0.314,sgo_devig_ml,5,2,0,1,1,4,6,1,59,1,1,2,1,7,3,1,53,3,1,3,2,11,9,2,56,0,1,0,1,4,3,1,41,1,2,0,2,14,4,2,47,1,3,0,3,18,7,3,44
LA_LIGA,2026-04-22,ELC,ATM,0.3278,sgo_devig_ml,5,7,2,0,2,3,5,2,70,6,0,1,4,8,9,1,74,13,2,1,6,11,14,3,72,1,2,1,2,9,3,2,30,2,0,1,1,3,3,0,26,3,2,2,3,12,6,2,28
LA_LIGA,2026-04-22,RSO,GET,-0.4167,sgo_devig_ml,5,1,2,3,3,7,6,0,52,5,2,2,1,6,7,0,79,6,4,5,4,13,13,0,67,2,2,1,0,10,3,1,48,1,3,0,0,12,2,0,21,3,5,1,0,22,5,1,33
LA_LIGA,2026-04-22,BAR,CEL,0.7761,sgo_devig_ml,5,4,0,2,2,5,6,1,53,1,1,1,1,8,4,0,68,5,1,3,3,13,10,1,61,1,0,0,2,6,4,0,47,2,1,0,1,4,2,0,32,3,1,0,3,10,6,0,39
LA_LIGA,2026-04-23,LEV,SEV,0.5392,sgo_devig_ml,5,3,1,1,2,7,4,1,57,0,2,0,1,10,4,1,28,3,3,1,3,17,8,2,43,1,1,0,0,7,2,0,43,5,3,2,0,9,5,0,72,6,4,2,0,16,7,0,57
LA_LIGA,2026-04-23,RAY,ESP,0.1257,sgo_devig_ml,5,2,1,0,2,7,9,0,58,4,1,3,4,5,8,1,47,6,2,3,6,12,17,1,53,3,2,0,1,9,3,0,42,2,2,0,3,6,12,0,53,5,4,0,4,15,15,0,47
LA_LIGA,2026-04-23,OVI,VIL,-0.187,sgo_devig_ml,5,2,1,0,2,4,6,0,59,5,0,1,2,5,10,1,57,7,1,1,4,9,16,1,58,0,0,1,2,7,3,1,41,0,1,0,1,4,4,0,43,0,1,1,3,11,7,1,42
LA_LIGA,2026-04-24,BET,RMA,-0.6224,sgo_devig_ml,5,2,1,1,2,3,8,0,48,5,0,0,2,7,11,1,56,7,1,1,4,10,19,1,52,4,1,2,3,4,5,1,52,2,1,1,5,4,7,0,44,6,2,3,8,8,12,1,48
LA_LIGA,2026-04-25,ALA,MLL,0.4222,sgo_devig_ml,4,6,1,1,2,11,7,0,53,3,1,0,2,4,8,2,47,9,2,1,4,15,15,2,50,1,0,0,1,5,1,1,47,3,1,0,1,9,3,0,53,4,1,0,2,14,4,1,50
LA_LIGA,2026-04-25,GET,BAR,-0.6531,sgo_devig_ml,5,2,0,4,0,7,2,0,22,4,2,3,0,8,2,0,28,6,2,7,0,15,4,0,25,1,2,2,1,5,6,1,78,2,0,2,3,3,7,1,72,3,2,4,4,8,13,2,75
LA_LIGA,2026-04-25,VAL,GIR,0.6032,sgo_devig_ml,5,2,1,2,0,13,6,0,38,2,1,2,3,9,6,2,36,4,2,4,3,22,12,2,37,0,1,0,0,4,1,0,62,4,1,3,4,4,6,1,64,4,2,3,4,8,7,1,63
LA_LIGA,2026-04-25,ATM,ATH,0.7427,sgo_devig_ml,5,3,,2,1,3,1,0,58,0,,0,3,5,5,3,50,3,,2,4,8,6,3,54,2,,1,2,3,3,1,42,2,,0,2,9,9,1,50,4,,1,4,12,12,2,46
LA_LIGA,2026-04-26,RAY,RSO,-0.3639,sgo_devig_ml,5,2,1,0,1,9,5,1,55,4,5,0,8,5,19,2,61,6,6,0,9,14,24,3,58,4,1,1,3,5,7,1,45,0,3,1,5,7,6,2,39,4,4,2,8,12,13,3,42
LA_LIGA,2026-04-26,OVI,ELC,-0.6549,sgo_devig_ml,5,2,0,1,1,11,2,0,53,4,2,1,2,10,10,1,71,6,2,1,4,21,12,1,60,0,0,0,3,6,3,2,47,1,0,1,1,8,1,0,29,1,0,1,4,14,4,2,40
LA_LIGA,2026-04-26,OSA,SEV,0.2616,sgo_devig_ml,5,2,0,0,2,6,5,0,54,2,2,0,5,5,10,2,69,4,2,0,7,11,15,2,61,0,1,1,1,5,4,0,46,4,1,1,1,8,4,1,31,4,2,2,2,13,8,1,39
LA_LIGA,2026-04-26,VIL,CEL,0.7733,sgo_devig_ml,5,0,2,1,2,6,3,2,46,7,1,0,2,7,10,0,49,7,3,1,4,13,13,2,47,4,3,0,2,9,5,0,54,1,3,2,1,7,4,1,51,5,6,2,3,16,9,1,53
LA_LIGA,2026-04-27,ESP,LEV,-0.1931,sgo_devig_ml,5,4,0,6,3,2,6,0,49,0,3,0,0,10,3,0,52,4,3,6,3,12,9,0,50,1,0,0,1,8,1,0,51,3,3,1,3,7,7,0,48,4,3,1,4,15,8,0,50
LA_LIGA,2026-05-01,GIR,MLL,-0.4,sgo_devig_ml,5,1,1,1,1,6,4,0,42,4,3,0,3,2,10,0,77,5,4,1,4,8,14,0,59,1,0,0,2,11,6,1,58,1,2,0,2,14,2,0,23,2,2,0,4,25,8,1,41
LA_LIGA,2026-05-02,VIL,LEV,0.4969,sgo_devig_ml,5,4,1,3,1,10,8,1,62,3,2,0,7,4,12,4,45,7,3,3,8,14,20,5,53,0,1,0,1,5,4,0,38,3,0,0,2,2,8,1,55,3,1,0,3,7,12,1,47
LA_LIGA,2026-05-02,VAL,ATM,-0.3387,sgo_devig_ml,5,0,0,3,0,2,4,0,51,1,1,1,0,7,8,0,55,1,1,4,0,9,12,0,53,3,1,3,2,5,11,0,49,4,2,1,3,7,9,2,45,7,3,4,5,12,20,2,47
LA_LIGA,2026-05-02,ALA,ATH,-0.1674,sgo_devig_ml,4,1,1,2,1,3,2,1,41,3,3,2,3,5,5,1,57,4,4,4,4,8,7,2,50,4,0,0,0,8,4,0,59,2,3,0,4,5,5,4,43,6,3,0,4,13,9,4,50
LA_LIGA,2026-05-02,OSA,BAR,-0.4515,sgo_devig_ml,5,2,0,1,1,4,3,0,30,1,2,3,3,5,6,1,30,3,2,4,4,9,9,1,30,5,1,0,2,6,6,0,70,2,1,2,2,4,7,2,70,7,2,2,4,10,13,2,70
LA_LIGA,2026-05-03,CEL,ELC,0.6377,sgo_devig_ml,5,1,1,0,2,8,2,2,34,3,1,0,2,6,4,1,33,4,2,0,4,14,6,3,34,1,1,0,3,8,7,0,66,1,0,1,1,7,8,1,67,2,1,1,4,15,15,1,66
LA_LIGA,2026-05-03,GET,RAY,-0.3559,sgo_devig_ml,5,2,1,1,0,5,3,0,46,2,2,0,3,2,10,0,65,4,3,1,3,7,13,0,56,0,1,2,3,9,6,1,54,1,4,0,3,13,4,1,35,1,5,2,6,22,10,2,44
LA_LIGA,2026-05-03,BET,OVI,0.7237,sgo_devig_ml,5,5,,0,3,6,7,2,56,0,,0,2,3,3,1,53,5,,0,5,9,10,3,54,2,,1,3,1,8,0,44,2,,2,2,3,8,0,47,4,,3,5,4,16,0,46
LA_LIGA,2026-05-03,ESP,RMA,-0.5606,sgo_devig_ml,5,3,2,0,1,11,7,0,33,2,1,1,2,8,10,0,34,5,3,1,3,19,17,0,34,3,2,2,1,6,8,0,67,3,2,0,4,10,7,2,66,6,4,2,5,16,15,2,66
LA_LIGA,2026-05-04,SEV,RSO,0.5425,sgo_devig_ml,5,3,0,1,4,9,15,0,53,0,2,2,1,10,4,1,32,3,2,3,5,19,19,1,42,1,1,0,0,5,1,0,47,2,0,0,0,6,5,0,68,3,1,0,0,11,6,0,58
LA_LIGA,2026-05-08,LEV,OSA,0.3397,sgo_devig_ml,5,3,1,1,4,7,14,2,57,12,1,0,8,4,21,1,78,15,2,1,12,11,35,3,67,1,0,0,2,7,2,2,43,0,0,0,1,6,3,0,22,1,0,0,3,13,5,2,33
LA_LIGA,2026-05-09,ELC,ALA,0.1317,sgo_devig_ml,4,3,0,0,1,9,6,0,62,4,3,0,4,6,10,1,69,7,3,0,5,15,16,1,65,3,3,1,0,7,4,0,38,0,3,2,4,6,8,1,31,3,6,3,4,13,12,1,35
LA_LIGA,2026-05-09,SEV,ESP,0.3409,sgo_devig_ml,5,3,0,1,2,6,10,0,58,1,5,3,4,8,11,2,71,4,5,4,6,14,21,2,65,4,1,0,1,9,3,0,42,2,4,0,4,8,7,1,29,6,5,0,5,17,10,1,35
LA_LIGA,2026-05-09,ATM,CEL,-0.3701,sgo_devig_ml,5,5,0,1,2,5,10,0,52,5,1,1,2,6,10,0,61,10,1,2,4,11,20,0,56,0,1,3,0,8,1,0,48,0,1,2,1,5,2,1,39,0,2,5,1,13,3,1,44
LA_LIGA,2026-05-09,RSO,BET,0.0582,sgo_devig_ml,5,2,0,2,2,4,5,0,65,2,2,4,4,8,9,2,66,4,2,6,6,12,14,2,65,1,0,3,4,5,9,1,35,2,3,1,2,4,5,1,34,3,3,4,6,9,14,2,35
LA_LIGA,2026-05-10,MLL,VIL,0.0797,sgo_devig_ml,5,1,0,1,2,9,9,1,55,4,2,2,6,8,9,0,56,5,2,3,8,17,18,1,56,2,0,0,1,6,3,1,45,2,0,0,1,7,4,0,44,4,0,0,2,13,7,1,44
LA_LIGA,2026-05-10,ATH,VAL,-0.6031,sgo_devig_ml,5,5,1,1,1,6,4,0,46,8,1,1,3,3,10,0,65,13,2,2,4,9,14,0,55,4,0,1,1,3,5,0,54,1,3,1,2,4,2,1,35,5,3,2,3,7,7,1,45
LA_LIGA,2026-05-10,OVI,GET,-0.672,sgo_devig_ml,5,1,1,0,0,5,2,0,53,0,1,6,4,4,6,0,39,1,2,6,4,9,8,0,46,6,0,0,3,4,7,0,47,3,3,2,1,12,15,0,61,9,3,2,4,16,22,0,54
LA_LIGA,2026-05-10,BAR,RMA,0.7509,sgo_devig_ml,5,1,0,1,3,8,4,2,55,3,2,1,4,10,6,0,59,4,2,2,7,18,10,2,57,4,1,0,1,6,6,0,45,4,3,1,1,3,2,0,41,8,4,1,1,9,8,0,43
LA_LIGA,2026-05-11,RAY,GIR,0.1915,sgo_devig_ml,5,5,1,2,1,4,5,0,62,4,0,0,4,6,13,1,57,9,1,2,5,10,18,1,59,2,0,0,2,0,3,0,38,3,1,0,3,9,6,1,43,5,1,0,5,9,9,1,41
LA_LIGA,2026-05-12,CEL,LEV,-0.4427,sgo_devig_ml,4,1,0,2,4,4,5,1,49,3,0,3,2,3,6,1,66,4,0,5,6,7,11,2,57,0,0,0,3,6,8,1,51,4,2,1,3,4,6,2,34,4,2,1,6,10,14,3,43
LA_LIGA,2026-05-12,BET,ELC,0.6877,sgo_devig_ml,4,1,0,2,1,8,3,1,39,7,3,1,6,8,13,1,51,8,3,3,7,16,16,2,45,0,0,2,2,6,4,1,61,1,3,0,0,7,4,0,49,1,3,2,2,13,8,1,55
LA_LIGA,2026-05-12,OSA,ATM,-0.6161,sgo_devig_ml,4,4,3,0,1,8,8,0,56,4,3,0,4,7,15,1,61,8,6,0,5,15,23,1,58,2,1,0,3,7,3,1,44,2,5,2,1,5,2,1,39,4,5,2,4,12,5,2,42
LA_LIGA,2026-05-13,VIL,SEV,-0.2506,sgo_devig_ml,5,2,0,0,2,4,3,2,62,4,2,0,2,7,3,0,63,6,2,0,4,11,6,2,63,2,0,1,3,6,7,2,38,2,1,2,2,3,6,1,37,4,1,3,5,9,13,3,37
LA_LIGA,2026-05-13,ESP,ATH,0.1932,sgo_devig_ml,5,6,,1,2,3,8,0,62,2,,4,3,6,4,2,64,8,,4,5,9,12,2,63,6,,1,3,8,8,0,38,3,,1,1,6,3,0,36,9,,2,4,14,11,0,37
LA_LIGA,2026-05-13,ALA,BAR,0.5869,sgo_devig_ml,4,5,0,0,2,5,7,1,28,1,1,3,1,9,2,0,17,6,1,3,3,14,9,1,23,2,0,0,0,4,6,0,72,2,2,0,0,4,2,0,83,4,2,0,0,8,8,0,77
LA_LIGA,2026-05-13,GET,MLL,0.559,sgo_devig_ml,5,2,0,0,2,5,3,2,44,1,3,0,2,12,3,1,35,3,3,0,4,17,6,3,40,3,2,0,1,9,4,0,56,0,2,2,1,9,5,1,65,3,4,2,2,18,9,1,60
LA_LIGA,2026-05-14,VAL,RAY,0.291,sgo_devig_ml,5,2,1,1,3,4,8,1,54,3,0,0,0,5,4,0,52,5,1,1,3,9,12,1,53,1,0,1,3,11,5,1,46,0,1,1,0,9,1,0,48,1,1,2,3,20,6,1,47
LA_LIGA,2026-05-14,GIR,RSO,0.4523,sgo_devig_ml,5,2,0,0,3,6,17,0,57,4,2,2,1,7,12,1,63,6,2,2,4,13,29,1,60,2,1,0,2,9,4,1,43,1,6,0,0,10,2,0,37,3,7,0,2,19,6,1,40
LA_LIGA,2026-05-14,RMA,OVI,0.7345,sgo_devig_ml,4,2,,1,4,2,10,1,62,2,,1,3,5,9,1,67,4,,2,7,7,19,2,65,3,,1,0,6,4,0,38,2,,0,1,8,5,0,33,5,,1,1,14,9,0,35
LA_LIGA,2026-05-17,ATH,CEL,0.2185,sgo_devig_ml,5,4,1,0,6,9,13,0,57,1,1,1,3,5,14,1,59,5,2,1,9,14,27,1,58,0,2,1,2,5,2,1,43,0,0,3,0,6,1,0,41,0,2,4,2,11,3,1,42
LA_LIGA,2026-05-17,OVI,ALA,-0.7188,sgo_devig_ml,4,4,0,,0,6,4,0,66,1,3,,0,7,3,0,74,5,3,,0,13,7,0,70,1,0,,1,9,3,1,34,1,1,,0,9,4,0,26,2,1,,1,18,7,1,30
LA_LIGA,2026-05-17,RAY,VIL,0.5397,sgo_devig_ml,5,1,0,1,3,5,7,1,55,0,2,0,4,7,8,1,51,1,2,1,7,12,15,2,53,3,0,0,0,4,4,0,45,6,1,0,2,6,7,0,49,9,1,0,2,10,11,0,47
LA_LIGA,2026-05-17,ELC,GET,0.6855,sgo_devig_ml,4,3,0,0,3,6,8,1,76,1,3,4,0,12,2,0,43,4,3,4,3,18,10,1,59,0,0,1,0,8,0,0,24,0,1,0,0,5,3,0,57,0,1,1,0,13,3,0,41
LA_LIGA,2026-05-17,LEV,MLL,0.75,sgo_devig_ml,5,3,1,0,1,2,4,1,32,1,1,1,2,9,11,1,26,4,2,1,3,11,15,2,29,4,0,1,3,6,7,0,68,2,1,0,0,9,1,0,74,6,1,1,3,15,8,0,71
LA_LIGA,2026-05-17,RSO,VAL,0.2945,sgo_devig_ml,5,2,1,2,2,4,4,1,54,1,3,3,1,9,4,2,57,3,4,5,3,13,8,3,55,0,0,0,2,5,5,2,46,2,0,3,4,6,8,2,43,2,0,3,6,11,13,4,45
LA_LIGA,2026-05-17,SEV,RMA,-0.5965,sgo_devig_ml,5,2,0,1,2,8,7,0,39,2,4,0,4,10,7,0,43,4,4,1,6,18,14,0,41,3,0,0,1,5,7,1,61,1,0,3,1,7,5,0,57,4,0,3,1,12,12,1,59
LA_LIGA,2026-05-17,ATM,GIR,0.6793,sgo_devig_ml,5,2,1,2,3,4,9,1,48,7,1,0,1,3,8,0,47,9,2,2,4,7,17,1,47,2,0,1,6,5,12,0,52,6,0,0,5,4,13,0,53,8,0,1,11,9,25,0,53
LA_LIGA,2026-05-17,OSA,ESP,-0.3778,sgo_devig_ml,5,3,0,2,4,6,11,0,62,6,1,0,5,4,13,1,74,9,1,2,9,10,24,1,68,1,1,1,1,4,4,1,38,1,1,3,2,9,3,1,26,2,2,4,3,13,7,2,32
LA_LIGA,2026-05-17,BAR,BET,0.8082,sgo_devig_ml,4,4,1,2,5,3,6,1,67,2,0,1,4,4,9,2,59,6,1,3,9,7,15,3,63,2,0,3,1,3,3,0,33,2,0,1,1,5,4,1,41,4,0,4,2,8,7,1,37
LA_LIGA,2026-05-23,MLL,OVI,0.6645,sgo_devig_ml,5,3,0,0,2,4,14,1,63,2,2,0,5,6,9,2,52,5,2,0,7,10,23,3,58,3,1,0,0,4,5,0,37,2,0,2,0,4,2,0,48,5,1,2,0,8,7,0,42
LA_LIGA,2026-05-23,ESP,RSO,0.2177,sgo_devig_ml,5,0,0,1,3,4,6,0,49,3,1,0,5,7,11,1,51,3,1,1,8,11,17,1,50,1,2,1,2,9,5,1,51,4,1,1,2,8,4,0,49,5,3,2,4,17,9,1,50
LA_LIGA,2026-05-23,BET,LEV,0.6436,sgo_devig_ml,5,0,1,1,4,7,6,1,65,4,0,0,4,4,12,1,61,4,1,1,8,11,18,2,64,4,1,0,4,3,7,1,35,4,1,1,3,4,8,0,39,8,2,1,7,7,15,1,36
LA_LIGA,2026-05-23,VAL,BAR,0.6309,sgo_devig_ml,5,5,0,1,2,8,10,0,29,2,2,0,4,3,9,3,18,7,2,1,6,11,19,3,24,4,0,0,1,3,6,0,71,4,2,1,3,5,5,1,82,8,2,1,4,8,11,1,76
LA_LIGA,2026-05-23,RMA,ATH,0.7129,sgo_devig_ml,5,2,2,2,3,5,5,2,77,0,0,5,5,1,8,2,70,2,2,7,8,6,13,4,74,1,0,0,1,11,3,1,23,0,0,2,1,9,5,1,30,1,0,2,2,20,8,2,26
LA_LIGA,2026-05-23,ALA,RAY,0.1862,sgo_devig_ml,4,4,0,1,4,7,7,1,53,6,3,2,7,6,12,0,45,10,3,3,11,13,19,1,48,2,0,2,1,5,3,0,47,3,3,1,6,9,12,2,55,5,3,3,7,14,15,2,52
LA_LIGA,2026-05-23,GIR,ELC,0.3359,sgo_devig_ml,5,2,1,0,1,8,1,0,53,0,3,1,6,12,9,1,61,2,4,1,7,20,10,1,57,1,1,0,1,8,2,1,47,0,3,0,1,12,1,0,39,1,4,0,1,20,3,1,43
LA_LIGA,2026-05-23,CEL,SEV,0.6726,sgo_devig_ml,5,2,1,0,0,7,4,0,55,2,0,0,3,4,8,1,54,4,1,0,3,11,12,1,54,1,0,2,1,10,4,0,45,2,1,0,1,10,5,0,46,3,1,2,2,20,9,0,46
LA_LIGA,2026-05-23,GET,OSA,0.704,sgo_devig_ml,5,0,0,0,2,7,3,0,60,2,1,1,1,10,3,1,48,2,1,1,3,17,6,1,54,3,0,1,3,9,5,0,40,1,2,0,2,11,6,0,52,4,2,1,5,20,11,0,46
LA_LIGA,2026-05-24,VIL,ATM,0.6692,sgo_devig_ml,5,4,0,0,6,1,11,4,45,1,0,0,2,2,3,1,51,5,0,0,8,3,14,5,48,5,1,0,3,6,6,1,55,4,0,1,1,6,3,0,49,9,1,1,4,12,9,1,52
IT_SERIE_A,2026-04-17,SAS,COM,0.2994,sgo_devig_ml,5,4,0,,3,6,6,2,31,1,3,,1,8,6,0,29,5,3,,4,14,12,2,30,6,2,,2,2,6,1,69,2,1,,1,9,6,0,71,8,3,,3,11,12,1,70
IT_SERIE_A,2026-04-17,INT,CAG,0.7393,sgo_devig_ml,5,4,0,1,2,7,8,0,60,0,0,0,3,10,10,3,51,4,0,1,5,17,18,3,55,4,2,0,1,4,4,0,40,5,0,2,0,2,6,0,49,9,2,2,1,6,10,0,45
IT_SERIE_A,2026-04-18,UDI,PAR,-0.4048,sgo_devig_ml,5,4,0,2,0,7,4,0,56,6,2,0,3,4,12,0,58,10,2,2,3,11,16,0,57,4,0,0,0,3,7,0,44,1,0,1,1,5,3,1,42,5,0,1,1,8,10,1,43
IT_SERIE_A,2026-04-18,NAP,LAZ,-0.4802,sgo_devig_ml,5,6,1,2,0,6,4,0,67,6,0,0,0,5,8,0,67,12,1,2,0,11,12,0,67,0,1,0,6,4,9,1,33,0,2,0,1,5,5,1,33,0,3,0,7,9,14,2,33
IT_SERIE_A,2026-04-18,ASR,ATA,0.1175,sgo_devig_ml,5,4,0,0,6,2,8,1,62,3,1,1,3,2,11,0,42,7,1,1,9,4,19,1,53,2,0,1,2,5,3,1,38,4,2,2,0,9,5,0,58,6,2,3,2,14,8,1,47
IT_SERIE_A,2026-04-19,CRE,TOR,0.1037,sgo_devig_ml,5,2,0,0,1,5,4,0,60,4,0,1,3,6,10,0,70,6,0,1,4,11,14,0,65,0,0,1,0,6,1,0,40,1,3,0,1,6,3,0,30,1,3,1,1,12,4,0,35
IT_SERIE_A,2026-04-19,VER,ACM,-0.6908,sgo_devig_ml,5,0,1,0,1,3,5,0,44,6,1,0,1,10,8,0,51,6,2,0,2,13,13,0,47,0,0,0,2,1,3,1,56,1,0,1,1,5,3,0,49,1,0,1,3,6,6,1,53
IT_SERIE_A,2026-04-19,PIS,GEN,-0.704,sgo_devig_ml,5,2,1,0,2,9,4,1,32,3,2,1,2,12,8,0,57,5,3,1,4,21,12,1,44,4,0,1,1,2,7,1,68,1,1,0,4,14,6,1,43,5,1,1,5,16,13,2,56
IT_SERIE_A,2026-04-19,JUV,BOL,0.7249,sgo_devig_ml,5,4,0,2,3,4,10,1,57,2,1,2,1,6,4,1,53,6,1,4,4,10,14,2,55,1,0,0,0,3,2,0,43,0,0,0,0,2,5,0,47,1,0,0,0,5,7,0,45
IT_SERIE_A,2026-04-20,LEC,FIO,-0.062,sgo_devig_ml,5,2,0,1,2,4,5,0,47,3,2,1,2,4,9,1,62,5,2,2,4,8,14,1,55,0,0,1,3,5,4,1,53,2,4,0,0,8,1,0,38,2,4,1,3,13,5,1,45
IT_SERIE_A,2026-04-24,NAP,CRE,0.7353,sgo_devig_ml,5,3,,1,4,6,14,3,56,4,,1,5,1,11,1,57,7,,2,10,7,25,4,56,2,,0,0,4,0,0,44,3,,0,4,7,7,0,43,5,,0,4,11,7,0,44
IT_SERIE_A,2026-04-25,PAR,PIS,0.1916,sgo_devig_ml,5,3,0,0,2,7,10,0,49,4,1,0,3,3,5,1,53,7,1,0,5,10,15,1,51,4,2,0,2,8,8,0,51,0,0,3,1,11,4,0,47,4,2,3,3,19,12,0,49
IT_SERIE_A,2026-04-25,BOL,ASR,-0.5407,sgo_devig_ml,5,2,0,0,1,5,4,0,55,5,0,2,1,5,6,0,67,7,0,2,2,10,10,0,60,5,0,0,2,9,7,2,45,2,3,3,0,7,1,0,33,7,3,3,2,16,7,2,40
IT_SERIE_A,2026-04-25,VER,LEC,-0.0611,sgo_devig_ml,5,1,0,0,1,5,4,0,53,1,2,3,2,10,2,0,39,2,2,3,3,15,6,0,46,1,1,1,1,11,4,0,47,3,4,0,1,8,8,0,61,4,5,1,2,19,12,0,54
IT_SERIE_A,2026-04-26,FIO,SAS,0.3168,sgo_devig_ml,5,4,1,0,1,8,11,0,52,3,1,1,4,5,11,0,45,7,2,1,5,13,22,0,49,1,0,0,0,4,4,0,48,3,1,1,1,8,7,0,55,4,1,1,1,12,11,0,51
IT_SERIE_A,2026-04-26,GEN,COM,-0.6826,sgo_devig_ml,5,0,0,1,1,5,2,0,44,2,1,2,0,7,7,0,57,2,1,3,1,12,9,0,50,2,2,2,1,7,5,1,56,1,1,1,1,8,3,1,43,3,3,3,2,15,8,2,50
IT_SERIE_A,2026-04-26,TOR,INT,-0.2986,sgo_devig_ml,5,2,0,0,0,2,4,0,35,3,1,1,2,8,10,2,39,5,1,1,2,10,14,2,37,3,0,0,3,0,7,1,65,2,2,1,2,8,7,1,61,5,2,1,5,8,14,2,63
IT_SERIE_A,2026-04-26,ACM,JUV,0.0017,sgo_devig_ml,5,0,1,0,1,7,5,0,49,1,1,0,0,5,3,0,44,1,2,0,1,12,8,0,47,2,1,1,2,4,4,0,51,1,2,1,3,4,6,0,56,3,3,2,5,8,10,0,53
IT_SERIE_A,2026-04-27,CAG,ATA,0.4173,sgo_devig_ml,5,1,,0,3,6,4,2,32,3,,0,1,2,5,1,21,4,,0,4,8,9,3,27,0,,2,2,7,4,2,68,6,,1,4,4,8,0,79,6,,3,6,11,12,2,73
IT_SERIE_A,2026-04-27,LAZ,UDI,0.0043,sgo_devig_ml,5,3,1,1,0,8,3,0,43,1,2,0,5,9,10,3,52,4,3,1,5,17,13,3,47,1,0,2,3,7,8,1,57,4,1,1,4,7,8,2,48,5,1,3,7,14,16,3,53
IT_SERIE_A,2026-05-01,PIS,LEC,-0.3327,sgo_devig_ml,5,1,1,3,2,9,5,0,49,5,3,3,5,6,12,1,68,6,4,6,7,15,17,1,58,0,0,1,2,8,2,0,51,1,2,1,2,5,5,2,32,1,2,2,4,13,7,2,42
IT_SERIE_A,2026-05-02,UDI,TOR,0.5759,sgo_devig_ml,5,3,0,1,2,6,9,1,52,2,1,1,6,5,10,1,54,5,1,2,8,11,19,2,53,1,0,1,1,7,4,0,48,1,1,1,0,11,6,0,46,2,1,2,1,18,10,0,47
IT_SERIE_A,2026-05-02,COM,NAP,0.1437,sgo_devig_ml,5,2,0,1,4,5,10,0,61,1,1,0,1,6,6,0,53,3,1,1,5,11,16,0,57,1,0,0,1,3,5,0,39,1,1,1,0,7,3,0,47,2,1,1,1,10,8,0,43
IT_SERIE_A,2026-05-02,ATA,GEN,0.4522,sgo_devig_ml,5,2,0,1,3,4,6,0,58,4,2,0,4,10,15,0,62,6,2,1,7,14,21,0,60,1,1,0,1,7,6,0,42,1,0,0,1,3,1,0,38,2,1,0,2,10,7,0,40
IT_SERIE_A,2026-05-03,BOL,CAG,0.2257,sgo_devig_ml,5,5,0,2,2,7,6,0,65,2,2,1,2,6,7,0,65,7,2,3,4,13,13,0,65,1,0,4,1,4,5,0,35,1,1,1,1,8,3,0,35,2,1,5,2,12,8,0,35
IT_SERIE_A,2026-05-03,SAS,ACM,0.2884,sgo_devig_ml,5,1,1,1,2,6,6,1,49,1,3,0,2,10,7,1,65,2,4,1,4,16,13,2,58,2,2,1,0,8,2,0,51,1,2,0,0,8,4,0,35,3,4,1,0,16,6,0,42
IT_SERIE_A,2026-05-03,JUV,VER,0.7366,sgo_devig_ml,5,9,1,,2,5,14,0,74,5,0,,5,4,15,1,78,14,1,,7,9,29,1,76,1,2,,1,7,3,1,26,0,2,,2,12,4,0,22,1,4,,3,19,7,1,24
IT_SERIE_A,2026-05-03,INT,PAR,0.7961,sgo_devig_ml,5,4,0,0,2,4,7,1,58,4,1,0,3,5,5,1,59,8,1,0,5,9,12,2,59,2,0,2,0,3,2,0,42,1,0,1,0,4,2,0,41,3,0,3,0,7,4,0,41
IT_SERIE_A,2026-05-04,CRE,LAZ,-0.1547,sgo_devig_ml,5,0,0,0,2,9,3,1,40,3,1,1,3,7,10,0,44,3,1,1,5,16,13,1,42,2,1,2,0,7,5,0,60,1,1,2,3,6,3,2,56,3,2,4,3,13,8,2,58
IT_SERIE_A,2026-05-04,ASR,FIO,0.6879,sgo_devig_ml,5,1,0,1,4,4,7,3,63,3,2,0,3,8,7,1,59,4,2,1,7,12,14,4,61,4,1,0,0,7,1,0,37,1,1,0,1,3,3,0,41,5,2,0,1,10,4,0,39
IT_SERIE_A,2026-05-08,TOR,SAS,0.6933,sgo_devig_ml,5,5,0,,1,6,7,0,55,2,4,,3,7,11,2,41,7,4,,4,13,18,2,48,2,1,,4,4,8,0,45,3,1,,3,5,5,1,59,5,2,,7,9,13,1,52
IT_SERIE_A,2026-05-09,CAG,UDI,-0.465,sgo_devig_ml,5,3,0,2,2,4,11,0,57,5,1,1,3,6,11,0,68,8,1,3,5,10,22,0,63,1,1,1,1,6,2,0,43,3,1,2,5,7,7,2,32,4,2,3,6,13,9,2,37
IT_SERIE_A,2026-05-09,LAZ,INT,-0.723,sgo_devig_ml,5,0,0,0,1,7,1,0,42,5,2,0,4,3,8,0,42,5,2,0,5,10,9,0,42,1,0,0,2,5,8,2,58,0,1,1,3,3,6,1,58,1,1,1,5,8,14,3,58
IT_SERIE_A,2026-05-09,LEC,JUV,-0.6921,sgo_devig_ml,5,0,0,0,1,3,2,0,30,1,1,2,2,4,6,0,40,1,1,2,3,7,8,0,35,5,0,3,2,7,7,1,70,2,1,3,4,11,8,0,60,7,1,6,6,18,15,1,65
IT_SERIE_A,2026-05-10,VER,COM,-0.67,sgo_devig_ml,5,4,0,1,2,7,6,0,32,3,1,2,1,10,5,0,42,7,1,3,3,17,11,0,36,3,0,1,1,5,4,0,68,4,1,1,3,9,7,1,58,7,1,2,4,14,11,1,64
IT_SERIE_A,2026-05-10,CRE,PIS,0.7005,sgo_devig_ml,5,5,0,0,3,7,6,1,69,2,0,1,3,3,4,2,83,7,0,1,6,10,10,3,77,0,2,1,0,6,0,0,31,1,2,1,0,6,0,0,17,1,4,2,0,12,0,0,23
IT_SERIE_A,2026-05-10,FIO,GEN,0.2221,sgo_devig_ml,5,2,,1,0,9,7,0,61,2,,0,1,4,6,0,54,4,,1,1,13,13,0,57,2,,0,2,7,5,0,39,1,,1,1,7,4,0,46,3,,1,3,14,9,0,43
IT_SERIE_A,2026-05-10,PAR,ASR,0.0181,sgo_devig_ml,5,1,0,2,1,3,7,0,34,2,4,2,2,11,4,2,33,3,4,4,3,14,11,2,34,0,0,3,1,5,3,1,66,6,0,1,6,3,12,2,67,6,0,4,7,8,15,3,66
IT_SERIE_A,2026-05-10,ACM,ATA,-0.4041,sgo_devig_ml,5,0,1,0,4,2,6,0,54,2,3,2,5,6,14,2,62,2,4,2,9,8,20,2,57,1,0,1,4,8,5,2,46,1,3,1,1,9,4,1,38,2,3,2,5,17,9,3,43
IT_SERIE_A,2026-05-11,NAP,BOL,0.5131,sgo_devig_ml,5,5,0,1,3,1,8,1,52,2,1,3,2,9,6,1,52,7,1,4,5,10,14,2,52,1,1,0,2,6,4,2,48,0,3,0,2,6,6,1,48,1,4,0,4,12,10,3,48
IT_SERIE_A,2026-05-17,COM,PAR,0.7788,sgo_devig_ml,5,11,0,1,3,4,15,0,74,4,2,1,4,6,8,1,56,15,2,2,7,10,23,1,66,1,0,1,0,2,0,0,26,1,0,3,2,12,2,0,44,2,0,4,2,14,2,0,34
IT_SERIE_A,2026-05-17,GEN,ACM,-0.6987,sgo_devig_ml,5,0,0,0,0,5,4,0,63,4,2,1,2,3,7,1,60,4,2,1,2,8,11,1,62,1,0,0,1,8,2,0,37,3,3,1,5,11,6,2,40,4,3,1,6,19,8,2,38
IT_SERIE_A,2026-05-17,ASR,LAZ,0.7177,sgo_devig_ml,5,5,1,0,2,8,6,1,51,3,1,1,5,7,10,1,46,8,2,1,7,15,16,2,49,1,2,2,1,10,4,0,49,2,1,0,1,7,2,0,54,3,3,2,2,17,6,0,51
IT_SERIE_A,2026-05-17,JUV,FIO,-0.0652,sgo_devig_ml,5,2,1,0,3,9,8,0,49,4,0,1,6,7,18,0,66,6,1,1,9,16,26,0,58,1,1,0,2,3,6,1,51,1,2,1,2,9,4,1,34,2,3,1,4,12,10,2,42
IT_SERIE_A,2026-05-17,PIS,NAP,-0.7097,sgo_devig_ml,5,0,0,0,1,6,2,0,27,1,2,0,1,7,2,0,20,1,2,0,2,13,4,0,24,5,0,1,4,4,8,2,73,1,2,1,1,4,2,1,80,6,2,2,5,8,10,3,76
IT_SERIE_A,2026-05-17,INT,VER,0.6343,sgo_devig_ml,5,5,0,,2,6,7,0,79,5,0,,4,3,10,1,67,10,0,,6,9,17,1,74,2,0,,2,5,5,0,21,0,2,,3,7,9,1,33,2,2,,5,12,14,1,26
IT_SERIE_A,2026-05-17,ATA,BOL,-0.3966,sgo_devig_ml,5,1,0,1,0,8,5,0,47,1,1,2,1,9,5,0,44,2,1,3,1,17,10,0,45,5,0,1,3,1,6,0,53,0,1,0,2,5,4,1,56,5,1,1,5,6,10,1,55
IT_SERIE_A,2026-05-17,UDI,CRE,-0.4585,sgo_devig_ml,5,1,0,2,1,3,2,0,60,4,1,2,1,7,8,0,66,5,1,4,2,10,10,0,63,5,0,1,4,2,7,1,40,0,3,4,0,7,0,0,34,5,3,5,4,9,7,1,37
IT_SERIE_A,2026-05-17,SAS,LEC,-0.0656,sgo_devig_ml,5,2,0,1,3,2,8,1,74,0,1,1,3,5,7,1,73,2,1,2,6,7,15,2,74,5,0,2,4,5,7,2,26,3,4,0,2,8,4,1,27,8,4,2,6,13,11,3,26
IT_SERIE_A,2026-05-17,CAG,TOR,0.7287,sgo_devig_ml,5,3,0,1,4,3,9,2,51,2,1,0,0,5,4,0,39,5,1,1,4,8,13,2,45,1,0,1,1,5,5,1,49,0,1,0,2,8,5,0,61,1,1,1,3,13,10,1,55
IT_SERIE_A,2026-05-22,FIO,ATA,-0.1451,sgo_devig_ml,5,0,0,2,1,7,4,1,41,3,0,2,3,4,7,0,39,3,0,4,4,11,11,1,40,0,0,0,3,8,9,0,59,3,2,0,3,6,12,1,61,3,2,0,6,14,21,1,60
IT_SERIE_A,2026-05-23,BOL,INT,-0.1219,sgo_devig_ml,5,1,0,1,2,9,9,2,36,0,0,1,1,6,2,1,54,1,0,2,3,15,11,3,45,2,1,0,2,5,5,1,64,2,1,0,3,9,6,2,46,4,2,0,5,14,11,3,55
IT_SERIE_A,2026-05-23,LAZ,PIS,0.7268,sgo_devig_ml,5,3,2,0,6,5,8,2,50,2,0,2,3,4,7,0,48,5,2,2,9,9,15,2,49,1,0,0,2,5,4,1,50,0,1,0,0,3,4,0,52,1,1,0,2,8,8,1,51
IT_SERIE_A,2026-05-24,PAR,SAS,0.3623,sgo_devig_ml,5,0,2,0,1,5,9,0,50,1,0,1,2,5,7,1,53,1,2,1,3,10,16,1,52,0,2,1,1,8,3,0,50,1,0,1,0,6,3,0,47,1,2,2,1,14,6,0,48
IT_SERIE_A,2026-05-24,NAP,UDI,0.7442,sgo_devig_ml,5,3,0,1,4,2,7,1,68,0,0,3,2,1,7,0,67,3,0,4,6,3,14,1,67,1,0,0,2,7,5,0,32,2,3,0,1,6,4,0,33,3,3,0,3,13,9,0,33
IT_SERIE_A,2026-05-24,ACM,CAG,-0.219,sgo_devig_ml,5,2,0,0,3,5,6,1,41,3,2,3,0,3,10,0,57,5,2,3,3,8,16,1,48,2,1,0,4,2,10,1,59,3,1,0,6,7,15,1,43,5,2,0,10,9,25,2,52
IT_SERIE_A,2026-05-24,CRE,COM,-0.6326,sgo_devig_ml,5,0,1,3,0,6,0,0,30,2,3,0,1,8,6,1,30,2,4,3,1,14,6,1,30,2,1,1,2,9,9,1,70,2,1,2,4,3,6,3,70,4,2,3,6,12,15,4,70
IT_SERIE_A,2026-05-24,LEC,GEN,0.6949,sgo_devig_ml,5,1,1,1,4,6,6,1,36,0,1,2,0,5,3,0,29,1,2,3,4,11,9,1,32,2,0,2,0,3,3,0,64,4,0,0,1,3,5,0,71,6,0,2,1,6,8,0,68
IT_SERIE_A,2026-05-24,VER,ASR,-0.7045,sgo_devig_ml,5,3,2,0,3,8,5,0,25,3,2,0,0,4,3,0,42,6,3,0,3,12,8,0,33,4,0,0,1,5,8,0,75,2,1,1,6,5,11,2,58,6,1,1,7,10,19,2,67
IT_SERIE_A,2026-05-24,TOR,JUV,-0.486,sgo_devig_ml,5,2,0,,0,3,6,0,34,4,1,,5,7,6,2,53,6,1,,5,10,12,2,43,3,0,,1,3,10,1,66,3,2,,3,7,7,1,47,6,2,,4,10,17,2,57
FR_LIGUE_1,2026-04-17,RCL,TFC,0.6611,sgo_devig_ml,5,4,1,0,5,8,14,0,74,10,0,2,8,1,28,3,82,14,1,2,13,9,42,3,78,1,0,0,2,9,4,2,26,0,1,0,0,6,1,0,18,1,1,0,2,15,5,2,22
FR_LIGUE_1,2026-04-18,FCL,OM,0.3345,sgo_devig_ml,5,1,0,0,1,6,2,1,39,0,0,2,3,0,9,1,47,1,0,2,4,6,11,2,43,5,0,0,1,4,5,0,61,2,3,0,1,6,11,0,53,7,3,0,2,10,16,0,57
FR_LIGUE_1,2026-04-18,ANG,HAC,0.1,sgo_devig_ml,5,2,0,2,3,6,5,1,41,2,1,0,2,9,6,0,49,4,1,2,5,15,11,1,44,1,1,2,3,9,7,1,59,2,2,2,5,11,9,0,51,3,3,4,8,20,16,1,56
FR_LIGUE_1,2026-04-18,LIL,OGC,0.5187,sgo_devig_ml,5,2,2,1,2,6,3,0,57,3,1,0,0,3,6,0,66,5,3,1,2,9,9,0,62,2,0,3,1,5,3,0,43,1,1,0,0,5,2,0,34,3,1,3,1,10,5,0,38
FR_LIGUE_1,2026-04-19,ASM,AJA,0.5521,sgo_devig_ml,5,4,1,1,2,14,5,0,63,7,1,3,4,5,10,2,75,11,2,4,6,19,15,2,69,2,0,2,3,3,6,2,37,1,3,0,4,5,6,0,25,3,3,2,7,8,12,2,31
FR_LIGUE_1,2026-04-19,FCN,BRE,-0.0665,sgo_devig_ml,5,5,0,1,1,6,4,1,44,6,2,1,3,7,13,0,42,11,2,2,4,13,17,1,43,0,2,1,1,9,2,0,56,0,0,3,1,8,2,1,58,0,2,4,2,17,4,1,57
FR_LIGUE_1,2026-04-19,FCM,PFC,-0.4411,sgo_devig_ml,5,3,2,0,2,5,3,1,50,3,0,1,4,4,10,0,52,6,2,1,6,9,13,1,51,1,1,0,3,6,5,1,50,4,1,1,4,2,10,2,48,5,2,1,7,8,15,3,49
FR_LIGUE_1,2026-04-19,STR,SR,-0.55,sgo_devig_ml,5,2,0,3,1,5,4,0,53,0,0,3,0,5,5,0,56,2,0,6,1,10,9,0,55,4,1,0,4,8,14,1,47,5,0,0,5,4,12,2,44,9,1,0,9,12,26,3,45
FR_LIGUE_1,2026-04-19,PSG,OL,-0.2324,sgo_devig_ml,5,8,2,,4,6,10,0,78,5,3,,2,4,13,1,75,13,5,,6,10,23,1,77,5,1,,3,7,3,2,22,0,0,,2,1,2,0,25,5,1,,5,8,5,2,23
FR_LIGUE_1,2026-04-22,PSG,FCN,0.8285,sgo_devig_ml,5,4,2,0,3,3,6,2,76,3,0,2,3,8,8,1,65,7,2,2,6,11,14,3,70,4,0,1,2,5,6,0,24,2,1,1,2,3,5,0,35,6,1,2,4,8,11,0,30
FR_LIGUE_1,2026-04-24,BRE,RCL,0.0558,sgo_devig_ml,5,0,0,0,3,5,3,3,32,0,3,1,0,2,3,0,39,0,3,1,3,7,6,3,36,3,0,2,0,4,9,0,68,3,3,1,7,7,16,3,61,6,3,3,7,11,25,3,64
FR_LIGUE_1,2026-04-25,OL,AJA,0.576,sgo_devig_ml,5,3,0,0,3,6,8,1,59,3,1,0,3,5,4,2,49,6,1,0,6,11,12,3,55,0,0,0,1,3,2,1,41,3,2,1,1,12,7,1,51,3,2,1,2,15,9,2,45
FR_LIGUE_1,2026-04-25,ANG,PSG,-0.7777,sgo_devig_ml,5,1,0,5,0,3,1,0,18,4,0,1,1,6,5,0,42,5,0,6,1,9,6,0,29,2,1,0,5,2,8,2,82,2,2,1,5,1,9,1,58,4,2,1,10,3,17,3,71
FR_LIGUE_1,2026-04-25,TFC,ASM,-0.2462,sgo_devig_ml,5,1,1,,1,7,7,0,49,3,2,,4,10,11,2,53,4,3,,5,17,18,2,51,2,0,,4,6,7,2,51,0,2,,1,4,1,0,47,2,2,,5,10,8,2,49
FR_LIGUE_1,2026-04-26,FCL,STR,0.0261,sgo_devig_ml,5,7,0,1,3,3,8,1,37,2,1,1,3,6,6,1,40,9,1,2,6,9,14,2,39,3,1,0,2,7,3,0,63,4,1,1,3,9,8,3,60,7,2,1,5,16,11,3,61
FR_LIGUE_1,2026-04-26,HAC,FCM,0.2324,sgo_devig_ml,5,5,0,0,3,7,8,2,45,1,3,3,2,5,6,2,49,6,3,3,5,12,14,4,47,2,0,1,2,3,6,2,55,2,1,0,3,9,6,2,51,4,1,1,5,12,12,4,53
FR_LIGUE_1,2026-04-26,SR,FCN,0.5271,sgo_devig_ml,5,2,0,2,3,5,7,1,66,4,3,3,2,10,7,1,59,6,3,5,5,15,14,2,63,4,1,0,4,8,10,1,34,4,1,1,4,7,14,0,41,8,2,1,8,15,24,1,37
FR_LIGUE_1,2026-04-26,PFC,LIL,-0.6125,sgo_devig_ml,5,4,1,2,1,5,2,0,40,3,5,2,1,7,5,0,55,7,6,4,2,12,7,0,47,1,0,0,2,1,4,1,60,2,3,1,2,9,6,0,45,3,3,1,4,10,10,1,53
FR_LIGUE_1,2026-04-26,OM,OGC,0.3134,sgo_devig_ml,5,3,2,0,3,7,9,0,69,4,2,0,3,7,15,1,68,7,4,0,6,14,24,1,69,0,1,1,0,4,1,0,31,1,0,1,2,3,4,1,32,1,1,2,2,7,5,1,31
FR_LIGUE_1,2026-05-02,FCN,OM,0.2119,sgo_devig_ml,5,3,1,1,2,6,7,0,48,4,0,0,3,6,10,3,35,7,1,1,5,12,17,3,42,3,1,1,1,5,4,0,52,5,2,0,7,6,12,0,65,8,3,1,8,11,16,0,58
FR_LIGUE_1,2026-05-02,PSG,FCL,0.5704,sgo_devig_ml,5,9,0,0,3,4,9,1,66,3,1,1,3,5,15,1,71,12,1,1,6,9,24,2,69,2,0,2,1,1,2,1,34,0,1,0,2,6,3,1,29,2,1,2,3,7,5,2,31
FR_LIGUE_1,2026-05-02,FCM,ASM,-0.5355,sgo_devig_ml,5,0,0,0,0,8,5,0,28,5,0,1,1,2,8,1,41,5,0,1,1,10,13,1,34,5,0,0,0,6,7,0,72,4,2,1,3,9,8,2,59,9,2,1,3,15,15,2,66
FR_LIGUE_1,2026-05-02,OGC,RCL,-0.0898,sgo_devig_ml,5,4,1,1,1,2,4,0,40,3,1,1,1,9,5,1,52,7,2,2,2,11,9,1,46,5,2,0,3,6,9,0,60,3,1,1,1,5,7,1,48,8,3,1,4,11,16,1,54
FR_LIGUE_1,2026-05-03,LIL,HAC,0.6358,sgo_devig_ml,5,6,1,0,4,5,11,1,62,8,1,1,6,4,11,0,71,14,2,1,10,9,22,1,67,2,2,1,2,9,2,1,38,3,1,2,0,6,0,0,29,5,3,3,2,15,2,1,33
FR_LIGUE_1,2026-05-03,AJA,ANG,0.6729,sgo_devig_ml,5,3,0,0,6,5,12,1,52,1,2,2,4,7,7,2,61,4,2,2,10,12,19,3,56,1,2,0,1,0,2,0,48,5,2,0,2,2,7,1,39,6,4,0,3,2,9,1,44
FR_LIGUE_1,2026-05-03,STR,TFC,-0.2488,sgo_devig_ml,5,5,1,1,2,3,4,1,52,3,0,1,2,4,5,0,57,8,1,2,4,7,9,1,54,2,0,1,4,6,7,1,48,1,3,2,2,9,9,1,43,3,3,3,6,15,16,2,46
FR_LIGUE_1,2026-05-03,PFC,BRE,0.5971,sgo_devig_ml,5,6,2,1,3,4,10,2,58,1,0,1,5,6,7,2,45,7,2,2,8,10,17,4,51,1,1,0,0,6,2,0,42,2,0,2,1,2,8,0,55,3,1,2,1,8,10,0,49
FR_LIGUE_1,2026-05-03,OL,SR,0.4513,sgo_devig_ml,5,3,0,0,2,6,7,2,51,4,0,1,7,4,9,2,49,7,0,1,9,10,16,4,50,3,2,3,3,9,3,1,49,2,1,1,2,5,5,1,51,5,3,4,5,14,8,2,50
FR_LIGUE_1,2026-05-08,RCL,FCN,0.6012,sgo_devig_ml,5,6,2,2,2,9,6,0,67,2,0,2,3,6,8,1,59,8,2,4,5,15,14,1,63,1,0,0,0,8,6,0,33,2,1,0,3,7,9,0,41,3,1,0,3,15,15,0,37
FR_LIGUE_1,2026-05-10,TFC,OL,0.5875,sgo_devig_ml,5,2,3,0,3,12,4,1,43,5,3,0,3,8,10,1,33,7,6,0,6,20,14,2,39,3,0,0,1,2,5,0,57,5,2,1,2,7,13,1,67,8,2,1,3,9,18,1,61
FR_LIGUE_1,2026-05-10,AJA,OGC,0.573,sgo_devig_ml,5,6,0,0,1,7,7,1,54,4,1,0,3,8,5,1,50,10,1,0,4,15,12,2,52,1,0,0,2,3,5,1,46,0,0,2,4,6,5,0,50,1,0,2,6,9,10,1,48
FR_LIGUE_1,2026-05-10,HAC,OM,-0.5911,sgo_devig_ml,5,1,1,2,1,9,2,0,41,2,3,2,1,11,8,0,60,3,4,4,2,20,10,0,50,0,0,1,2,9,3,0,59,0,2,2,1,13,4,1,40,0,2,3,3,22,7,1,50
FR_LIGUE_1,2026-05-10,ANG,STR,-0.0421,sgo_devig_ml,5,0,0,0,1,9,3,0,33,0,2,2,3,7,8,1,31,0,2,2,4,16,11,1,32,1,2,0,3,3,8,1,67,1,0,0,3,11,7,0,69,2,2,0,6,14,15,1,68
FR_LIGUE_1,2026-05-10,ASM,LIL,-0.5329,sgo_devig_ml,5,4,0,1,2,6,6,0,57,1,1,1,1,7,1,0,52,5,1,2,3,13,7,0,55,1,1,1,1,5,1,0,43,1,2,1,1,5,6,1,48,2,3,2,2,10,7,1,45
FR_LIGUE_1,2026-05-10,SR,PFC,0.1288,sgo_devig_ml,5,7,0,0,2,4,9,0,53,1,0,1,3,9,5,2,49,8,0,1,5,13,14,2,51,1,0,1,0,4,4,0,47,1,1,0,1,7,7,1,51,2,1,1,1,11,11,1,49
FR_LIGUE_1,2026-05-10,FCM,FCL,-0.7004,sgo_devig_ml,5,5,2,0,1,5,2,0,55,2,0,0,1,3,6,0,52,7,2,0,2,8,8,0,54,0,2,0,2,5,3,1,45,4,0,2,5,3,11,3,48,4,2,2,7,8,14,4,46
FR_LIGUE_1,2026-05-10,PSG,BRE,0.7603,sgo_devig_ml,5,8,,2,3,1,11,0,69,5,,1,3,4,12,1,66,13,,3,6,5,23,1,67,2,,3,1,6,2,0,31,0,,0,1,6,1,0,34,2,,3,2,12,3,0,33
FR_LIGUE_1,2026-05-13,BRE,STR,-0.6763,sgo_devig_ml,4,5,0,1,6,5,12,1,45,0,0,1,0,5,9,0,51,5,0,2,6,10,21,1,48,1,0,1,3,5,5,2,55,3,1,3,2,6,5,0,49,4,1,4,5,11,10,2,52
FR_LIGUE_1,2026-05-13,RCL,PSG,-0.5809,sgo_devig_ml,5,3,0,2,6,3,14,0,44,3,0,1,4,6,11,0,32,6,0,3,10,9,25,0,38,1,1,0,2,2,6,1,56,2,0,1,1,1,4,1,68,3,1,1,3,3,10,2,62
FR_LIGUE_1,2026-05-17,LIL,AJA,-0.2278,sgo_devig_ml,5,2,2,2,2,4,5,0,74,2,1,1,1,5,7,0,72,4,3,3,3,9,12,0,73,2,0,1,3,7,4,1,26,0,2,1,1,9,3,1,28,2,2,2,4,16,7,2,27
FR_LIGUE_1,2026-05-17,OM,SR,0.5881,sgo_devig_ml,5,2,0,1,6,5,15,2,52,2,3,1,5,6,12,1,38,4,3,2,11,11,27,3,45,3,0,2,3,3,9,0,48,8,1,0,3,7,18,1,62,11,1,2,6,10,27,1,55
FR_LIGUE_1,2026-05-17,PFC,PSG,-0.3369,sgo_devig_ml,5,2,0,4,5,5,9,0,40,1,2,3,4,3,8,2,35,3,2,7,9,8,17,2,37,0,0,1,1,5,3,0,60,3,0,1,1,4,6,1,65,3,0,2,2,9,9,1,63
FR_LIGUE_1,2026-05-17,FCN,TFC,-0.0416,sgo_devig_ml,5,2,,,1,3,2,0,57,,,,,,,,,2,,,1,3,2,0,57,2,,,1,5,2,0,43,,,,,,,,,2,,,1,5,2,0,43
FR_LIGUE_1,2026-05-17,OGC,FCM,0.5374,sgo_devig_ml,5,5,1,1,0,6,8,0,51,5,1,1,4,5,14,0,47,10,2,2,4,11,22,0,49,3,0,1,2,3,8,0,49,1,1,1,2,12,8,0,53,4,1,2,4,15,16,0,51
FR_LIGUE_1,2026-05-17,OL,RCL,-0.264,sgo_devig_ml,5,8,0,,1,5,3,0,51,12,1,,4,5,14,0,60,20,1,,5,10,17,0,55,5,2,,3,5,7,3,49,3,2,,1,6,7,1,40,8,4,,4,11,14,4,45
FR_LIGUE_1,2026-05-17,STR,ASM,0.0837,sgo_devig_ml,5,0,0,2,2,4,4,1,39,4,1,1,5,3,11,4,41,4,1,3,7,7,15,5,40,3,1,0,5,5,11,3,61,3,1,1,3,6,10,1,59,6,2,1,8,11,21,4,60
FR_LIGUE_1,2026-05-17,BRE,ANG,0.2841,sgo_devig_ml,5,3,1,0,2,2,7,0,57,3,0,0,2,7,11,1,59,6,1,0,4,9,18,1,58,1,1,2,1,6,2,0,43,2,0,0,2,2,6,1,41,3,1,2,2,8,8,1,42
FR_LIGUE_1,2026-05-17,FCL,HAC,-0.4392,sgo_devig_ml,5,2,1,1,1,4,4,0,54,3,1,0,1,7,8,0,66,5,2,1,2,11,12,0,60,1,1,2,2,8,3,1,46,0,0,0,2,3,4,1,34,1,1,2,4,11,7,2,40
FR_LIGUE_1,2026-05-26,STE,OGC,0.0344,sgo_devig_ml,3,1,0,0,0,5,2,0,44,5,1,1,0,5,5,0,46,6,1,1,0,10,7,0,45,2,0,1,0,2,4,0,56,4,0,1,0,5,0,0,54,6,0,2,0,7,4,0,55
FR_LIGUE_1,2026-05-29,OGC,STE,0.3157,sgo_devig_ml,3,3,0,1,2,4,10,0,56,3,2,0,8,6,10,4,47,6,2,1,10,10,20,4,52,1,0,1,1,1,8,0,44,3,0,0,1,4,5,1,53,4,0,1,2,5,13,1,48
MLS,2026-04-18,VAN,SKC,0.8487,sgo_devig_ml,4,5,0,1,4,6,16,3,54,1,1,1,2,9,9,0,46,6,1,2,6,15,25,3,50,0,1,1,0,8,0,0,46,3,1,0,0,8,3,0,54,3,2,1,0,16,3,0,50
MLS,2026-04-18,TOR,ATX,0.2777,sgo_devig_ml,4,2,1,0,6,7,9,0,49,4,4,3,5,11,9,3,43,6,5,3,11,18,18,3,46,4,2,0,3,8,5,1,51,1,0,1,3,3,7,2,57,5,2,1,6,11,12,3,54
MLS,2026-04-18,MON,RBNY,0.6512,sgo_devig_ml,4,0,0,2,2,6,4,2,38,2,3,5,4,11,5,2,25,3,3,7,6,17,9,4,32,3,2,0,0,6,3,0,62,4,1,0,1,6,5,1,75,7,3,0,1,12,8,1,68
MLS,2026-04-18,COL,MIA,-0.4762,sgo_devig_ml,4,2,1,1,1,6,5,0,64,1,3,0,3,6,9,2,59,3,4,1,4,12,14,2,62,1,3,1,2,9,3,2,36,1,2,1,1,10,3,1,41,2,5,2,3,19,6,3,38
MLS,2026-04-18,ORL,HOU,-0.4602,sgo_devig_ml,4,3,1,0,0,8,5,0,55,1,1,0,3,8,12,0,65,4,2,0,3,16,17,0,60,3,1,0,1,6,9,0,45,0,1,1,4,3,9,1,35,3,2,1,5,9,18,1,40
MLS,2026-04-18,ATL,NSH,-0.6975,sgo_devig_ml,4,1,1,2,1,6,3,0,55,4,1,0,3,4,10,0,56,5,2,2,4,10,13,0,55,4,0,1,4,2,6,0,45,2,0,1,4,4,11,2,44,6,0,2,8,6,17,2,45
MLS,2026-04-18,NE,CLB,0.1135,sgo_devig_ml,4,2,0,1,1,4,4,0,42,1,1,1,2,4,6,2,56,3,1,2,3,8,10,2,48,4,0,0,4,7,6,1,58,3,3,1,0,5,5,0,44,7,3,1,4,12,11,1,52
MLS,2026-04-18,CIN,CHI,-0.2014,sgo_devig_ml,4,5,2,0,6,7,9,1,50,4,2,1,3,4,14,2,60,9,4,1,9,11,23,3,55,1,0,0,4,3,15,2,50,0,3,0,2,6,3,1,40,1,3,0,6,9,18,3,45
MLS,2026-04-18,PHI,DC,0.4992,sgo_devig_ml,4,4,0,1,3,6,7,0,61,9,0,0,1,5,10,0,63,13,0,1,4,11,17,0,62,1,2,0,0,5,3,0,39,0,1,0,0,6,3,0,37,1,3,0,0,11,6,0,38
MLS,2026-04-18,NYC,CLT,-0.528,sgo_devig_ml,4,3,1,0,3,5,10,0,64,3,1,3,5,2,13,1,64,6,2,3,8,8,23,1,64,0,1,0,0,3,0,0,36,1,3,0,5,4,7,2,36,1,4,0,5,7,7,2,36
MLS,2026-04-19,DAL,LA,0.1573,sgo_devig_ml,4,1,1,3,3,13,5,2,47,3,1,3,2,8,8,0,48,4,2,6,5,21,13,2,47,0,0,0,3,5,3,2,53,3,0,0,1,6,6,0,52,3,0,0,4,11,9,2,53
MLS,2026-04-19,MIN,POR,0.6864,sgo_devig_ml,4,1,1,0,2,7,8,1,47,2,1,1,5,9,9,1,40,3,2,1,7,16,17,2,44,2,0,2,1,4,8,0,53,2,0,1,2,4,5,0,60,4,0,3,2,8,13,0,56
MLS,2026-04-19,RSL,SD,0.776,sgo_devig_ml,4,1,0,1,6,8,12,4,49,0,1,1,3,4,4,0,47,1,1,2,9,12,16,4,48,1,1,0,1,4,2,1,51,7,0,2,4,9,7,1,53,8,1,2,5,13,9,2,52
MLS,2026-04-19,SEA,STL,0.7362,sgo_devig_ml,4,4,,1,4,3,6,2,50,1,,0,5,6,7,2,50,5,,1,9,9,13,4,50,3,,1,1,4,6,0,50,5,,1,1,8,6,1,50,8,,2,2,12,12,1,50
MLS,2026-04-19,LAFC,SJ,-0.5362,sgo_devig_ml,4,1,1,1,1,5,3,0,49,4,2,0,2,8,13,1,57,5,3,1,3,13,16,1,53,1,0,1,2,6,7,0,51,2,3,0,3,4,5,4,43,3,3,1,5,10,12,4,47
MLS,2026-04-22,TOR,PHI,0.0178,sgo_devig_ml,5,2,2,1,1,7,6,0,60,0,2,3,3,5,6,3,68,2,4,4,4,12,12,3,64,1,0,0,1,6,8,1,40,1,4,0,4,12,4,2,32,2,4,0,5,18,12,3,36
MLS,2026-04-22,ORL,CLT,0.5984,sgo_devig_ml,5,2,3,0,2,7,5,1,46,0,2,2,4,5,6,3,40,2,5,2,6,12,11,4,43,2,1,0,2,4,7,1,54,2,1,1,3,6,8,0,60,4,2,1,5,11,15,1,57
MLS,2026-04-22,NYC,CIN,0.5837,sgo_devig_ml,5,1,0,2,4,4,11,2,65,1,0,1,5,3,6,2,45,2,0,3,9,7,17,4,55,3,0,1,1,2,3,1,35,1,3,1,5,7,9,3,55,4,3,2,6,9,12,4,45
MLS,2026-04-22,CLB,LA,0.64,sgo_devig_ml,5,3,0,0,2,7,9,1,55,1,0,1,2,6,5,1,59,4,0,1,4,13,14,2,57,1,1,0,0,0,1,0,45,0,0,2,1,5,6,1,41,1,1,2,1,5,7,1,43
MLS,2026-04-22,RBNY,DC,0.3421,sgo_devig_ml,5,0,0,0,3,6,9,2,52,3,1,0,2,8,4,2,51,3,1,0,5,14,13,4,51,2,0,4,1,6,6,1,48,1,2,0,4,7,8,3,49,3,2,4,5,13,14,4,49
MLS,2026-04-22,ATL,NE,-0.2703,sgo_devig_ml,5,1,1,0,3,7,6,1,49,6,1,1,6,7,15,0,42,7,2,1,9,14,21,1,46,0,0,1,1,4,2,0,51,3,2,0,3,6,5,2,58,3,2,1,4,10,7,2,54
MLS,2026-04-23,DAL,MIN,-0.4222,sgo_devig_ml,5,2,1,0,1,5,8,0,41,2,1,3,1,3,7,0,58,4,2,3,2,8,15,0,49,3,1,1,3,3,4,1,59,0,2,0,1,4,1,0,42,3,3,1,4,7,5,1,51
MLS,2026-04-23,HOU,SD,0.6013,sgo_devig_ml,5,0,1,1,2,5,4,1,28,1,1,1,1,5,7,0,29,1,2,2,3,10,11,1,28,1,1,1,0,6,3,0,72,2,1,1,1,5,6,0,71,3,2,2,1,11,9,0,72
MLS,2026-04-23,RSL,MIA,-0.0829,sgo_devig_ml,5,0,2,2,1,8,2,0,50,2,1,1,3,7,9,0,49,2,3,3,4,15,11,0,50,1,1,0,2,5,10,0,50,3,2,0,5,4,9,2,51,4,3,0,7,9,19,2,50
MLS,2026-04-23,LAFC,COL,0.3115,sgo_devig_ml,5,0,0,0,0,7,0,0,22,4,2,1,1,10,5,0,35,4,2,1,1,17,5,0,28,3,1,0,2,2,3,0,78,0,3,0,0,7,3,0,65,3,4,0,2,9,6,0,72
MLS,2026-04-23,SJ,ATX,0.5659,sgo_devig_ml,5,6,1,0,5,8,13,0,69,7,2,1,11,8,24,5,69,13,3,1,16,16,37,5,69,1,0,0,2,11,3,1,31,0,1,0,0,10,2,0,31,1,1,0,2,21,5,1,31
MLS,2026-04-25,TOR,ATL,-0.6137,sgo_devig_ml,5,1,0,0,0,5,2,0,45,7,0,2,2,5,7,1,56,8,0,2,2,10,9,1,51,5,2,4,0,6,4,0,55,2,0,0,2,9,2,2,44,7,2,4,2,15,6,2,49
MLS,2026-04-25,MON,NYC,0.6514,sgo_devig_ml,5,0,0,0,4,7,5,1,30,3,5,0,1,11,3,0,42,3,5,0,5,18,8,1,35,0,0,1,1,7,2,0,70,1,4,2,1,8,3,0,58,1,4,3,2,15,5,0,65
MLS,2026-04-25,MIN,LAFC,-0.6735,sgo_devig_ml,5,5,0,,2,7,11,0,56,6,1,,2,4,13,0,67,11,1,,4,11,24,0,62,0,0,,3,6,3,1,44,2,3,,4,3,4,0,33,2,3,,7,9,7,1,38
MLS,2026-04-25,CIN,RBNY,0.7325,sgo_devig_ml,5,3,1,1,4,4,13,2,64,1,0,,1,5,2,0,32,4,1,1,5,9,15,2,48,2,1,0,1,9,4,0,36,5,1,,5,6,15,0,68,7,2,0,6,15,19,0,52
MLS,2026-04-25,MIA,NE,0.5585,sgo_devig_ml,5,4,0,0,5,7,8,0,65,3,3,1,5,7,10,1,72,7,3,1,10,14,18,1,68,0,0,0,1,5,4,0,35,1,0,1,6,2,12,1,28,1,0,1,7,7,16,1,32
MLS,2026-04-25,CLB,PHI,0.7304,sgo_devig_ml,5,2,1,1,3,7,5,2,57,0,0,1,1,4,2,0,55,2,1,2,4,11,7,2,56,2,1,1,0,9,3,0,43,2,0,2,2,9,7,0,45,4,1,3,2,18,10,0,44
MLS,2026-04-25,DC,ORL,0.0615,sgo_devig_ml,5,3,1,1,4,5,7,1,35,4,4,0,4,6,8,2,44,7,5,1,8,11,15,3,39,5,1,0,0,6,3,0,65,3,2,2,5,8,5,2,56,8,3,2,5,14,8,2,61
MLS,2026-04-26,ATX,HOU,0.6553,sgo_devig_ml,5,1,1,0,4,6,9,2,52,2,3,0,0,8,3,0,39,3,4,0,4,14,12,2,46,3,1,1,3,5,4,0,48,2,1,1,2,7,7,0,61,5,2,2,5,12,11,0,54
MLS,2026-04-26,STL,SJ,-0.258,sgo_devig_ml,5,6,0,1,3,1,13,0,61,5,2,0,2,10,8,2,53,11,2,1,5,11,21,2,57,2,0,0,1,8,4,1,39,1,3,0,2,4,5,2,47,3,3,0,3,12,9,3,43
MLS,2026-04-26,CHI,SKC,0.791,sgo_devig_ml,4,1,1,,0,5,8,0,75,2,0,,6,10,9,5,66,3,1,,6,15,17,5,71,0,0,,0,8,2,0,25,2,0,,1,8,4,0,34,2,0,,1,16,6,0,29
MLS,2026-04-26,NSH,CLT,0.8046,sgo_devig_ml,5,4,0,1,5,8,9,2,63,2,2,1,2,5,4,2,59,6,2,2,7,13,13,4,61,0,0,0,1,2,2,1,37,4,1,0,1,6,6,1,41,4,1,0,2,8,8,2,39
MLS,2026-04-26,SD,POR,0.4123,sgo_devig_ml,5,5,0,2,1,3,6,1,71,1,2,3,2,9,4,0,63,6,2,5,3,12,10,1,67,1,0,4,2,3,2,1,29,5,1,1,3,7,9,1,37,6,1,5,5,10,11,2,33
MLS,2026-04-26,SEA,DAL,0.8149,sgo_devig_ml,5,2,0,2,4,1,6,2,64,2,1,0,2,4,3,0,53,4,1,2,6,5,9,2,58,3,2,0,3,4,3,1,36,4,2,1,2,8,7,0,47,7,4,1,5,12,10,1,42
MLS,2026-04-26,VAN,COL,0.8383,sgo_devig_ml,5,5,0,3,5,14,11,2,45,3,1,1,3,10,9,1,45,8,1,4,8,24,20,3,45,1,0,1,2,6,4,1,55,2,1,1,1,6,9,0,55,3,1,2,3,12,13,1,55
MLS,2026-04-26,LA,RSL,0.1653,sgo_devig_ml,5,5,2,2,3,7,11,1,40,2,2,1,4,9,5,1,39,7,4,3,7,16,16,2,39,0,0,0,3,6,5,1,60,0,4,1,5,8,10,0,61,0,4,1,8,14,15,1,61
MLS,2026-05-02,TOR,SJ,-0.1978,sgo_devig_ml,5,3,0,0,1,9,7,1,49,5,2,1,1,8,4,0,48,8,2,1,2,17,11,1,49,3,2,0,2,4,4,1,51,6,0,2,2,3,6,0,52,10,2,2,4,7,10,1,51
MLS,2026-05-02,SKC,SEA,-0.5252,sgo_devig_ml,5,1,0,0,2,9,4,1,32,3,0,0,5,1,6,0,39,4,0,0,7,10,10,1,35,2,1,1,3,4,7,1,68,7,1,2,6,3,19,0,61,9,2,3,9,7,26,1,65
MLS,2026-05-02,RSL,POR,0.8005,sgo_devig_ml,5,3,0,0,11,7,18,2,56,3,1,0,4,8,7,0,49,6,1,0,15,15,25,2,53,2,0,0,2,5,6,0,44,0,2,1,0,7,5,0,51,2,2,1,2,12,11,0,47
MLS,2026-05-02,MIA,ORL,0.5304,sgo_devig_ml,5,8,1,2,10,10,17,3,65,2,3,2,0,8,9,0,64,10,4,4,10,18,26,3,65,0,2,1,1,3,2,1,35,2,1,3,8,2,11,3,36,2,3,4,9,5,13,4,35
MLS,2026-05-02,RBNY,DAL,-0.4607,sgo_devig_ml,5,5,0,0,0,3,4,0,54,3,0,1,0,3,5,0,61,8,0,1,0,6,9,0,58,2,1,2,3,2,5,0,46,2,1,2,3,5,7,2,39,4,2,4,6,7,12,2,42
MLS,2026-05-02,ATL,MON,0.6079,sgo_devig_ml,5,1,1,1,3,7,7,2,69,2,3,1,2,6,11,1,38,3,4,2,5,13,18,3,53,1,2,3,2,6,7,1,31,1,0,5,3,3,4,0,62,2,2,8,5,9,11,1,47
MLS,2026-05-02,NE,CLT,0.1506,sgo_devig_ml,5,2,0,,1,3,7,0,55,1,3,,3,7,7,1,54,3,3,,4,10,14,1,55,3,1,,2,8,3,0,45,2,3,,2,8,5,0,46,5,4,,4,16,8,0,45
MLS,2026-05-02,PHI,NSH,0.1417,sgo_devig_ml,5,2,0,1,2,8,5,0,52,3,1,1,2,6,11,0,40,5,1,2,5,14,16,0,46,0,0,0,0,6,1,0,48,2,1,0,1,5,7,0,60,2,1,0,1,11,8,0,54
MLS,2026-05-02,CLB,MIN,-0.3402,sgo_devig_ml,5,2,1,0,1,3,9,1,64,2,1,0,3,7,4,1,68,4,2,0,4,10,13,2,66,3,1,1,2,4,6,0,36,3,1,2,5,7,6,3,32,6,2,3,7,11,12,3,34
MLS,2026-05-03,HOU,COL,0.5464,sgo_devig_ml,5,1,1,1,2,7,4,0,43,5,2,0,3,4,5,1,36,6,3,1,5,11,9,1,39,2,1,1,0,3,0,0,57,3,2,0,2,5,4,0,64,5,3,1,2,8,4,0,61
MLS,2026-05-03,CHI,CIN,0.5447,sgo_devig_ml,5,3,0,1,4,8,9,2,46,7,1,0,6,4,24,0,65,10,1,1,10,12,33,2,55,0,0,0,3,1,7,2,54,1,3,0,1,4,3,1,35,1,3,0,4,5,10,3,45
MLS,2026-05-03,SD,LAFC,0.4901,sgo_devig_ml,5,2,1,0,2,5,6,1,66,0,2,0,1,7,2,1,47,2,3,0,3,12,8,2,57,0,0,0,0,8,1,0,34,3,2,2,4,9,8,2,53,3,2,2,4,17,9,2,43
MLS,2026-05-03,LA,VAN,-0.0468,sgo_devig_ml,5,0,1,0,1,4,3,0,46,1,4,2,1,8,4,1,30,1,5,2,2,12,7,1,38,2,1,0,2,10,10,0,54,0,4,1,4,8,9,1,70,2,5,1,6,18,19,1,62
MLS,2026-05-03,NYC,DC,-0.2495,sgo_devig_ml,5,2,0,2,2,5,3,0,67,4,1,2,2,5,6,0,78,6,1,4,4,10,9,0,73,2,2,0,4,7,11,1,33,1,2,0,3,10,8,1,22,3,4,0,7,17,19,2,27
MLS,2026-05-03,ATX,STL,0.5112,sgo_devig_ml,5,2,1,1,4,5,10,0,53,2,1,1,2,9,5,2,59,4,2,2,6,14,15,2,56,4,0,1,4,7,10,0,47,2,3,0,1,13,5,0,41,6,3,1,5,20,15,0,44
MLS,2026-05-09,TOR,MIA,-0.5029,sgo_devig_ml,5,2,0,0,2,6,7,0,37,2,1,0,3,3,6,2,44,4,1,0,5,9,13,2,40,0,0,2,2,6,5,1,63,4,2,0,5,6,6,3,56,4,2,2,7,12,11,4,60
MLS,2026-05-09,CHI,RBNY,-0.0513,sgo_devig_ml,5,2,0,3,1,2,5,0,63,4,1,1,3,5,10,1,64,6,1,4,4,7,15,1,64,0,1,0,2,3,3,1,37,3,2,1,2,7,6,2,36,3,3,1,4,10,9,3,36
MLS,2026-05-09,MON,ORL,0.3083,sgo_devig_ml,5,4,0,1,1,7,9,0,53,7,0,0,4,3,14,2,53,11,0,1,5,10,23,2,53,1,0,1,1,8,2,0,47,2,2,0,2,8,6,0,47,3,2,1,3,16,8,0,47
MLS,2026-05-09,NE,PHI,0.0343,sgo_devig_ml,5,5,0,1,0,6,3,0,64,4,0,1,2,2,7,2,59,9,0,2,2,8,10,2,61,3,2,0,0,6,5,1,36,0,1,0,2,10,6,0,41,3,3,0,2,16,11,1,39
MLS,2026-05-09,ATL,LA,-0.1262,sgo_devig_ml,5,4,3,1,1,6,5,0,44,2,0,1,2,1,9,1,61,6,3,2,3,7,14,1,53,1,0,2,1,1,1,0,56,4,1,1,5,4,9,2,39,5,1,3,6,5,10,2,47
MLS,2026-05-09,CLT,CIN,0.1662,sgo_devig_ml,5,3,0,1,0,5,5,0,53,4,1,1,3,4,7,2,42,7,1,2,3,9,12,2,47,2,1,1,5,5,11,2,47,2,3,0,0,10,2,0,58,4,4,1,5,15,13,2,53
MLS,2026-05-10,DAL,RSL,0.4276,sgo_devig_ml,5,2,1,0,3,6,5,2,29,2,1,2,1,9,6,1,24,4,2,2,4,15,11,3,27,5,2,0,0,5,2,0,71,2,1,1,2,8,7,1,76,7,3,1,2,13,9,1,73
MLS,2026-05-10,NSH,DC,0.4554,sgo_devig_ml,5,4,1,1,3,3,9,0,72,4,2,2,5,6,7,2,75,8,3,3,8,9,16,2,74,5,1,1,5,5,9,2,28,2,2,0,1,10,3,0,25,7,2,1,6,15,12,2,26
MLS,2026-05-10,COL,STL,-0.4321,sgo_devig_ml,5,6,2,2,1,12,3,0,51,5,1,0,1,7,7,0,61,11,3,2,2,19,10,0,56,0,0,3,1,4,3,1,49,1,5,0,0,14,7,0,39,1,5,3,1,18,10,1,44
MLS,2026-05-10,SJ,VAN,-0.1505,sgo_devig_ml,5,2,2,1,1,8,3,1,27,0,1,2,2,6,4,0,30,2,3,3,3,14,7,1,29,3,0,0,1,6,6,0,73,1,1,0,4,9,10,1,70,4,1,0,5,15,16,1,71
MLS,2026-05-10,SEA,SD,0.4594,sgo_devig_ml,5,2,0,1,0,2,8,0,44,6,3,1,5,7,18,1,50,8,3,2,5,9,26,1,47,1,0,1,3,3,5,1,56,1,2,0,2,5,10,0,50,2,2,1,5,8,15,1,53
MLS,2026-05-10,POR,SKC,0.6596,sgo_devig_ml,5,2,1,1,3,6,7,4,73,2,0,0,3,5,9,2,53,4,1,1,6,11,16,6,63,1,3,1,0,10,2,0,27,4,2,1,3,10,9,0,47,5,5,2,3,20,11,0,37
MLS,2026-05-10,NYC,CLB,0.5471,sgo_devig_ml,5,0,0,4,3,5,5,2,41,3,0,2,3,2,4,1,43,3,0,6,6,7,9,3,42,4,0,3,1,4,3,0,59,4,1,2,1,4,8,0,57,8,1,5,2,8,11,0,58
MLS,2026-05-10,MIN,ATX,0.3993,sgo_devig_ml,5,2,4,1,1,11,7,0,54,1,1,0,4,4,11,2,56,3,5,1,5,15,18,2,55,3,2,0,3,6,6,1,46,1,0,0,2,5,6,1,44,4,2,0,5,11,12,2,45
MLS,2026-05-11,LAFC,HOU,-0.2964,sgo_devig_ml,5,6,0,0,2,5,10,1,58,4,4,0,4,7,9,0,73,10,4,0,6,12,19,1,67,0,2,1,2,8,6,2,42,3,1,0,4,4,6,2,27,3,3,1,6,12,12,4,33
MLS,2026-05-13,CLT,NYC,-0.381,sgo_devig_ml,4,5,2,0,2,7,3,0,42,3,2,2,0,7,2,0,52,8,4,2,2,14,5,0,47,0,3,1,1,10,2,1,58,2,2,0,0,9,2,0,48,2,5,1,1,19,4,1,53
MLS,2026-05-13,ORL,PHI,0.0031,sgo_devig_ml,4,0,0,0,2,4,4,2,55,2,1,0,4,5,8,2,54,2,1,0,6,9,12,4,55,7,1,0,2,3,12,0,45,3,2,1,5,9,14,3,46,10,3,1,7,12,26,3,45
MLS,2026-05-13,NE,NSH,-0.4208,sgo_devig_ml,4,5,0,1,1,1,3,0,58,1,2,0,1,7,5,0,47,6,2,1,2,8,8,0,53,2,2,0,2,8,5,2,42,5,1,0,2,4,3,1,53,7,3,0,4,12,8,3,47
MLS,2026-05-13,CIN,MIA,0.0022,sgo_devig_ml,4,1,0,0,1,4,7,1,48,0,2,1,2,15,3,2,44,1,2,1,3,19,10,3,46,5,2,1,1,7,6,1,52,3,1,1,5,6,11,4,56,8,3,1,6,13,17,5,54
MLS,2026-05-13,RBNY,CLB,0.3976,sgo_devig_ml,4,1,0,2,3,4,4,2,34,2,3,0,3,13,9,1,27,3,3,2,6,17,13,3,31,0,1,2,2,4,6,1,66,2,1,1,2,3,6,1,73,2,2,3,4,7,12,2,69
MLS,2026-05-13,DC,CHI,-0.4808,sgo_devig_ml,4,3,0,0,3,7,6,1,43,4,0,1,3,7,7,0,38,7,0,1,6,14,13,1,40,3,1,2,1,5,5,0,57,5,4,2,7,7,9,3,62,8,5,4,8,12,14,3,60
MLS,2026-05-13,MON,POR,0.243,sgo_devig_ml,4,1,0,0,4,6,12,2,41,5,4,0,4,11,11,0,45,6,4,0,8,17,23,2,43,5,0,0,1,3,9,1,59,4,1,1,2,3,5,1,55,9,1,1,3,6,14,2,57
MLS,2026-05-14,SKC,LA,0.281,sgo_devig_ml,4,3,1,1,3,9,8,2,40,1,0,2,4,10,7,1,41,4,1,3,7,19,15,3,40,6,0,2,2,2,6,0,60,2,2,0,5,4,12,1,59,8,2,2,7,6,18,1,60
MLS,2026-05-14,DAL,VAN,-0.4211,sgo_devig_ml,4,2,2,0,1,10,4,1,44,3,1,1,2,7,4,1,54,5,3,1,3,17,8,2,49,2,2,0,2,7,5,2,56,4,2,0,4,5,11,1,46,6,4,0,6,12,16,3,51
MLS,2026-05-14,STL,LAFC,0.4092,sgo_devig_ml,4,2,0,1,1,6,4,1,42,0,3,0,1,7,4,1,32,2,3,1,2,13,8,2,38,2,0,3,1,0,6,0,58,6,3,1,3,10,10,1,68,8,3,4,4,10,16,1,62
MLS,2026-05-14,MIN,COL,-0.2341,sgo_devig_ml,4,3,2,3,2,10,7,0,50,2,3,2,0,8,5,0,62,5,5,5,2,18,12,0,55,2,0,0,2,5,4,1,50,3,4,0,0,19,1,0,38,5,4,0,2,24,5,1,45
MLS,2026-05-14,RSL,HOU,0.5984,sgo_devig_ml,4,2,0,1,0,5,4,0,47,2,0,3,2,3,5,3,58,4,0,4,2,8,9,3,53,1,1,2,4,7,10,0,53,0,0,0,0,4,5,0,42,1,1,2,4,11,15,0,47
MLS,2026-05-14,SEA,SJ,0.4161,sgo_devig_ml,4,7,0,1,4,4,9,1,70,2,0,0,5,8,14,2,56,9,0,1,9,12,23,3,63,2,1,0,2,5,4,1,30,4,1,1,1,6,7,1,44,6,2,1,3,11,11,2,37
MLS,2026-05-14,SD,ATX,0.6279,sgo_devig_ml,4,3,1,0,4,4,11,2,69,3,0,2,6,5,11,3,45,6,1,2,10,9,22,5,59,2,0,0,2,2,4,0,31,2,0,3,1,5,5,0,55,4,0,3,3,7,9,0,41
MLS,2026-05-16,MON,CHI,-0.426,sgo_devig_ml,4,4,1,2,2,6,3,0,54,12,3,3,3,8,13,0,65,16,4,5,5,14,16,0,59,1,1,0,1,6,6,1,46,2,2,2,3,7,5,1,35,3,3,2,4,13,11,2,41
MLS,2026-05-16,RBNY,NYC,0.0716,sgo_devig_ml,4,5,1,0,3,5,8,1,48,4,3,0,2,11,4,0,39,9,4,0,5,16,12,1,43,0,1,1,0,4,2,0,52,3,2,2,5,6,12,1,61,3,3,3,5,10,14,1,57
MLS,2026-05-16,PHI,CLB,0.0998,sgo_devig_ml,4,2,3,0,0,8,1,0,31,2,0,0,5,6,11,1,44,4,3,0,5,14,12,1,38,2,1,1,1,5,3,1,69,2,0,1,0,7,2,0,56,4,1,2,1,12,5,1,62
MLS,2026-05-16,DC,STL,0.282,sgo_devig_ml,4,3,0,1,1,6,7,0,40,2,3,1,4,11,8,1,47,5,3,2,5,17,15,1,43,8,2,0,2,6,13,0,60,0,3,0,1,5,3,1,53,8,5,0,3,11,16,1,57
MLS,2026-05-16,CLT,TOR,0.647,sgo_devig_ml,4,3,0,2,4,4,9,2,48,4,2,0,2,4,9,1,44,7,2,2,6,8,18,3,46,1,0,0,2,7,5,1,52,2,2,1,2,6,7,0,56,3,2,1,4,13,12,1,54
MLS,2026-05-16,NE,MIN,0.498,sgo_devig_ml,4,4,0,0,4,8,7,1,49,4,2,2,1,3,4,1,43,8,2,2,5,11,11,2,46,5,0,2,3,3,6,1,51,6,1,0,3,9,6,0,57,11,1,2,6,12,12,1,54
MLS,2026-05-16,ORL,ATL,0.1502,sgo_devig_ml,4,2,1,1,2,4,3,1,46,2,1,3,1,4,4,0,45,4,2,4,3,8,7,1,45,8,1,1,1,7,5,0,54,2,0,0,5,5,16,1,55,10,1,1,6,12,21,1,55
MLS,2026-05-17,ATX,SKC,0.0923,sgo_devig_ml,4,1,0,0,1,3,3,1,51,2,4,0,2,10,5,0,41,3,4,0,3,13,8,1,46,5,1,0,2,11,10,0,49,2,2,1,6,10,10,2,59,7,3,1,8,21,20,2,54
MLS,2026-05-17,HOU,VAN,0.0374,sgo_devig_ml,4,2,0,0,2,8,5,0,41,2,1,1,5,8,9,1,65,4,1,1,7,16,14,1,53,1,2,1,1,9,6,0,59,2,2,1,2,4,3,0,35,3,4,2,3,13,9,0,47
MLS,2026-05-17,SEA,LA,-0.5529,sgo_devig_ml,4,0,1,2,2,2,4,0,53,5,0,0,3,1,11,0,62,5,1,2,5,3,15,0,58,1,2,1,1,8,6,1,47,0,2,1,1,5,3,1,38,1,4,2,2,13,9,2,42
MLS,2026-05-17,SD,CIN,0.2642,sgo_devig_ml,4,3,0,1,2,5,8,1,65,4,1,0,3,3,8,2,62,7,1,1,5,8,16,3,63,1,1,0,2,5,3,1,35,1,2,0,4,4,5,2,38,2,3,0,6,9,8,3,37
MLS,2026-05-17,RSL,COL,0.5587,sgo_devig_ml,4,1,0,2,6,10,10,1,48,1,2,3,2,8,7,1,48,2,2,5,8,18,17,2,48,3,1,0,2,2,3,1,52,3,2,2,2,6,5,0,52,6,3,2,4,8,8,1,52
MLS,2026-05-17,SJ,DAL,0.1531,sgo_devig_ml,4,2,0,0,2,5,6,1,47,10,3,0,5,4,10,1,64,12,3,0,7,9,16,2,55,3,0,3,3,8,9,1,53,1,3,0,6,9,7,2,36,4,3,3,9,17,16,3,45
MLS,2026-05-17,MIA,POR,0.7596,sgo_devig_ml,4,4,1,1,5,5,12,2,46,4,1,1,4,10,10,0,44,8,2,2,9,15,22,2,45,4,0,0,1,2,9,0,54,1,2,2,3,8,7,0,56,5,2,2,4,10,16,0,55
MLS,2026-05-18,NSH,LAFC,0.519,sgo_devig_ml,4,2,0,,3,1,4,2,53,1,3,,1,10,3,1,52,3,3,,4,11,7,3,53,3,0,,6,4,12,1,47,8,2,,3,6,9,1,48,11,2,,9,10,21,2,47
MLS,2026-05-23,STL,ATX,0.6336,sgo_devig_ml,4,0,0,0,0,6,5,1,53,2,1,0,6,13,11,2,40,2,1,0,6,19,16,3,47,0,0,1,2,4,4,0,47,2,1,0,0,5,3,0,60,2,1,1,2,9,7,0,53
MLS,2026-05-23,MIN,RSL,-0.3466,sgo_devig_ml,4,3,0,4,1,0,6,0,56,3,0,3,1,6,5,1,58,6,0,7,1,6,11,1,57,0,1,0,1,8,6,1,44,3,1,0,0,3,2,0,42,3,2,0,1,11,8,1,43
MLS,2026-05-23,DC,MON,0.1499,sgo_devig_ml,4,4,0,0,7,9,12,2,51,2,2,0,3,10,6,2,37,6,2,0,10,19,18,4,44,3,1,0,3,8,6,1,49,1,4,3,5,8,16,3,63,4,5,3,8,16,22,4,56
MLS,2026-05-23,CIN,ORL,0.6223,sgo_devig_ml,4,3,1,0,6,13,12,2,52,3,1,0,5,4,10,4,58,6,2,0,11,17,22,6,55,1,2,1,1,10,5,1,48,8,1,0,8,3,14,1,42,9,3,1,9,13,19,2,45
MLS,2026-05-23,CLT,NE,0.6037,sgo_devig_ml,4,2,1,0,5,3,9,1,51,1,2,0,1,6,3,0,27,3,2,0,6,9,12,1,39,1,1,2,2,6,7,0,49,3,3,1,1,7,6,0,73,4,4,3,3,13,13,0,61
MLS,2026-05-24,SKC,RBNY,-0.5085,sgo_devig_ml,4,3,0,2,3,4,8,0,59,3,1,4,5,1,7,1,64,6,1,6,8,5,15,1,61,1,1,0,2,7,4,2,41,0,1,1,2,8,6,0,36,1,2,1,4,15,10,2,39
MLS,2026-05-24,NSH,NYC,0.6207,sgo_devig_ml,4,3,0,2,2,4,4,1,62,3,2,0,4,7,8,1,36,6,2,2,6,11,12,2,48,0,1,0,2,7,5,1,38,3,0,0,2,5,2,0,64,3,1,0,4,12,7,1,52
MLS,2026-05-24,CHI,TOR,0.6511,sgo_devig_ml,4,1,1,,3,4,8,1,60,2,3,,3,8,7,1,48,3,4,,6,12,15,2,53,1,1,,4,5,7,1,40,3,3,,0,7,4,0,52,4,4,,4,12,11,1,47
MLS,2026-05-24,SD,VAN,-0.5294,sgo_devig_ml,4,1,0,0,0,7,3,0,49,1,3,2,3,7,8,2,57,2,3,2,3,14,11,2,53,2,0,1,6,5,8,2,51,2,3,1,6,10,13,2,43,4,3,2,12,15,21,4,47
MLS,2026-05-24,POR,SJ,-0.4323,sgo_devig_ml,4,1,0,5,2,4,9,1,59,3,1,2,5,6,6,0,71,4,1,7,7,10,15,1,65,3,2,1,4,7,5,3,41,3,2,0,2,7,2,0,29,6,4,1,6,14,7,3,35
MLS,2026-05-24,COL,DAL,-0.381,sgo_devig_ml,4,1,1,0,3,6,6,1,62,4,2,1,2,5,11,0,70,5,3,1,5,11,17,1,66,0,1,1,2,5,3,2,38,3,2,1,0,8,2,0,30,3,3,2,2,13,5,2,34
MLS,2026-05-24,LA,HOU,0.1977,sgo_devig_ml,4,4,1,1,3,3,11,1,60,4,0,,3,3,7,0,50,8,1,1,6,6,18,1,55,0,2,0,2,5,3,1,40,2,1,,3,4,7,0,50,2,3,0,5,9,10,1,45
MLS,2026-05-24,CLB,ATL,0.7006,sgo_devig_ml,4,2,1,0,4,4,7,2,70,0,2,1,0,5,3,0,46,2,3,1,4,9,10,2,58,1,0,1,1,7,2,0,30,2,4,1,1,6,14,0,54,3,4,2,2,13,16,0,42
MLS,2026-05-24,MIA,PHI,0.6307,sgo_devig_ml,4,3,3,1,6,9,7,4,65,1,3,2,4,9,10,2,62,4,6,2,10,18,17,6,64,2,2,2,8,7,14,4,35,0,1,1,2,9,7,0,38,2,3,3,10,16,21,4,36
MLS,2026-05-25,LAFC,SEA,0.2879,sgo_devig_ml,4,4,,0,1,5,12,0,59,3,,0,2,6,5,1,39,7,,0,3,11,17,1,49,1,,2,1,4,3,0,41,4,,1,3,6,7,0,61,5,,3,4,10,10,0,51
